Model,Total | SR,Total | IoU,Total | Last_SR,Total | NC,Total | NI,Canon-Longsleeve | IoU,Dress | IoU,Longsleeve | IoU,Skirt | IoU,Trousers | IoU,Canon-Longsleeve | Last_SR,Dress | Last_SR,Longsleeve | Last_SR,Skirt | Last_SR,Trousers | Last_SR,Canon-Longsleeve | NC,Dress | NC,Longsleeve | NC,Skirt | NC,Trousers | NC,Canon-Longsleeve | NI,Dress | NI,Longsleeve | NI,Skirt | NI,Trousers | NI,Canon-Longsleeve | SR,Dress | SR,Longsleeve | SR,Skirt | SR,Trousers | SR
[all_sim] v108_hindsight,0.7533333333333333,0.7558366666666667,0.3466666666666666,0.912988,0.7980419999999999,0.7197966666666668,0.8083066666666665,0.7081833333333335,0.8141066666666669,0.72879,0.4,0.5333333333333333,0.2,0.3333333333333333,0.26666666666666666,0.8936066666666667,0.9450766666666666,0.9093566666666667,0.9440400000000001,0.8728599999999999,0.7441999999999999,0.8798499999999999,0.79335,0.8681366666666667,0.7046733333333333,0.6666666666666666,0.8666666666666667,0.6,0.9666666666666667,0.6666666666666666
[all_sim] v150_hindsight,0.7466666666666667,0.7488786666666666,0.6066666666666667,0.8836533333333334,0.7301986666666667,0.67395,0.7927699999999999,0.7205566666666666,0.80913,0.7479866666666666,0.2,0.8333333333333334,0.5333333333333333,0.8333333333333334,0.6333333333333333,0.82159,0.9186,0.9021500000000001,0.9222833333333333,0.8536433333333332,0.5939433333333333,0.8114866666666666,0.7714166666666666,0.8175666666666664,0.6565799999999998,0.43333333333333335,0.9333333333333333,0.6333333333333333,1.0,0.7333333333333333
[all_sim] v126_hindsight,0.7466666666666666,0.7622246666666668,0.6066666666666667,0.8949199999999999,0.7580486666666666,0.7187333333333333,0.7746566666666667,0.7545333333333333,0.8126733333333334,0.7505266666666668,0.5333333333333333,0.6333333333333333,0.43333333333333335,0.8666666666666667,0.5666666666666667,0.8689433333333333,0.9185166666666665,0.9135000000000001,0.9133433333333334,0.8602966666666666,0.7077366666666666,0.8082333333333334,0.8019166666666667,0.7952766666666665,0.67708,0.6666666666666666,0.7666666666666667,0.7,0.9333333333333333,0.6666666666666666
[all_sim] v132_hindsight,0.7333333333333333,0.7427006666666667,0.5800000000000001,0.8949360000000001,0.7595193333333332,0.7063600000000001,0.7788866666666666,0.7177433333333333,0.7915566666666667,0.7189566666666667,0.5333333333333333,0.7333333333333333,0.36666666666666664,0.8333333333333334,0.43333333333333335,0.8657999999999999,0.9317099999999999,0.9033866666666668,0.9113199999999999,0.8624633333333331,0.6906366666666667,0.83709,0.7944099999999998,0.7870466666666666,0.6884133333333333,0.5666666666666667,0.8666666666666667,0.6333333333333333,0.9333333333333333,0.6666666666666666
[all_sim] v137_hindsight,0.7266666666666667,0.753156,0.6,0.8957913333333334,0.7632640000000002,0.7255300000000001,0.7736766666666666,0.73447,0.8008633333333334,0.7312399999999999,0.4666666666666667,0.6,0.6333333333333333,0.8,0.5,0.8677366666666667,0.9281133333333335,0.9074300000000001,0.9153666666666668,0.86031,0.6977166666666668,0.83451,0.8018866666666666,0.8010066666666666,0.6812,0.6333333333333333,0.8,0.7,0.9666666666666667,0.5333333333333333
[all_sim] v145_hindsight,0.7266666666666667,0.751678,0.5533333333333333,0.8886826666666667,0.7452440000000001,0.6778866666666666,0.7901766666666666,0.7465966666666667,0.80634,0.73739,0.3,0.6666666666666666,0.4666666666666667,0.8333333333333334,0.5,0.8377466666666666,0.90947,0.9197533333333336,0.9148166666666668,0.8616266666666667,0.6341300000000001,0.7947433333333334,0.8189400000000001,0.7970900000000001,0.6813166666666667,0.43333333333333335,0.8333333333333334,0.7333333333333333,1.0,0.6333333333333333
[all_sim] v124_hindsight,0.7066666666666668,0.7313686666666667,0.44666666666666666,0.8804100000000001,0.7274193333333334,0.6709233333333334,0.7692666666666667,0.7352666666666667,0.8036033333333333,0.6777833333333333,0.16666666666666666,0.6333333333333333,0.3333333333333333,0.7333333333333333,0.36666666666666664,0.8201266666666668,0.9081333333333333,0.91237,0.92256,0.8388599999999999,0.58652,0.79143,0.8026133333333333,0.8208533333333335,0.6356800000000001,0.43333333333333335,0.8666666666666667,0.7666666666666667,0.9666666666666667,0.5
[all_sim] v104_hindsight,0.7066666666666667,0.7532526666666667,0.36666666666666664,0.9125106666666667,0.8048893333333333,0.7283933333333331,0.8035300000000001,0.7035499999999999,0.82117,0.70962,0.4666666666666667,0.5,0.16666666666666666,0.4,0.3,0.9003066666666666,0.9481800000000002,0.8947466666666666,0.94939,0.86993,0.7878533333333333,0.8718566666666666,0.7721800000000001,0.8816566666666666,0.7109000000000001,0.6,0.8333333333333334,0.6,0.9,0.6
[all_sim] v111_hindsight,0.7066666666666667,0.7294546666666667,0.2866666666666666,0.8960633333333332,0.7677760000000001,0.6767733333333334,0.7939066666666666,0.69987,0.7776866666666665,0.6990366666666666,0.16666666666666666,0.36666666666666664,0.16666666666666666,0.4666666666666667,0.26666666666666666,0.8566999999999999,0.95259,0.8887666666666668,0.9135333333333333,0.8687266666666668,0.6905666666666667,0.8862566666666666,0.7529866666666669,0.8074200000000001,0.7016500000000001,0.5,0.9,0.5666666666666667,0.8333333333333334,0.7333333333333333
[all_sim] v136_hindsight,0.7,0.7268653333333333,0.5599999999999999,0.8753653333333334,0.7190380000000001,0.6821800000000001,0.7617866666666664,0.7104366666666665,0.7801233333333335,0.6997999999999999,0.36666666666666664,0.6333333333333333,0.4666666666666667,0.7666666666666667,0.5666666666666667,0.8320766666666667,0.9122699999999999,0.88807,0.9033666666666668,0.8410433333333335,0.6312566666666667,0.7977833333333334,0.7447566666666668,0.7754200000000001,0.6459733333333334,0.43333333333333335,0.8333333333333334,0.6,0.9333333333333333,0.7
[all_sim] v125_hindsight,0.7,0.7430266666666667,0.5066666666666666,0.8913933333333333,0.7579273333333334,0.6851033333333334,0.79556,0.6883366666666666,0.8070966666666667,0.7390366666666668,0.4,0.7,0.3,0.6333333333333333,0.5,0.8493566666666668,0.9350333333333332,0.8874733333333332,0.9158899999999999,0.8692133333333333,0.67833,0.8456866666666667,0.7578866666666667,0.8040966666666668,0.7036366666666667,0.5333333333333333,0.8333333333333334,0.5666666666666667,0.9,0.6666666666666666
[all_sim] v109_hindsight,0.6933333333333334,0.7421473333333333,0.26,0.9026246666666665,0.7774620000000001,0.6900466666666667,0.7971966666666667,0.6978299999999998,0.8102033333333334,0.7154600000000001,0.2,0.43333333333333335,0.13333333333333333,0.36666666666666664,0.16666666666666666,0.8717100000000001,0.9374699999999999,0.8955099999999999,0.9387166666666668,0.8697166666666667,0.7254966666666667,0.8482466666666667,0.7581766666666668,0.8583733333333331,0.6970166666666667,0.5,0.8333333333333334,0.6,0.9,0.6333333333333333
[all_sim] v141_hindsight,0.688888888888889,0.7393659259259259,0.5740740740740741,0.881995925925926,0.7474777777777777,0.6695066666666666,0.8188111111111112,0.7297799999999999,,,0.43333333333333335,0.8888888888888888,0.4,,,0.8327100000000001,0.9171444444444445,0.8961333333333332,,,0.6445366666666665,0.8327333333333332,0.7651633333333333,,,0.4666666666666667,1.0,0.6,,
[mix] v138_hindsight,0.68,0.7442273333333332,0.5066666666666666,0.8861186666666667,0.7410633333333333,0.6766933333333334,0.7932566666666665,0.6951366666666666,0.8184966666666665,0.7375533333333333,0.26666666666666666,0.7,0.3,0.7666666666666667,0.5,0.8323533333333335,0.9307633333333333,0.8875433333333334,0.9150933333333334,0.8648399999999998,0.6272666666666666,0.8463466666666667,0.7457100000000001,0.80144,0.6845533333333333,0.3,0.9,0.5,1.0,0.7
[all_sim] v113_hindsight,0.6733333333333333,0.7441766666666666,0.36,0.9041626666666666,0.7900773333333333,0.70705,0.77313,0.6960766666666667,0.8035066666666667,0.7411200000000001,0.36666666666666664,0.4666666666666667,0.13333333333333333,0.5333333333333333,0.3,0.8941433333333333,0.9168766666666666,0.8978833333333333,0.9270766666666665,0.8848333333333331,0.7681899999999999,0.8343966666666667,0.7814533333333333,0.8327966666666667,0.7335499999999998,0.5666666666666667,0.6666666666666666,0.6,0.8666666666666667,0.6666666666666666
[mix] v140_hindsight,0.6733333333333333,0.7306593333333333,0.48666666666666664,0.8713093333333333,0.7079513333333335,0.6561866666666666,0.7841233333333334,0.6928799999999999,0.8044633333333333,0.7156433333333333,0.23333333333333334,0.5,0.4,0.7666666666666667,0.5333333333333333,0.8115233333333334,0.9320633333333332,0.8727333333333334,0.9037466666666668,0.83648,0.5742766666666667,0.8461633333333334,0.7249766666666666,0.7761433333333334,0.6181966666666667,0.3333333333333333,0.9,0.6,0.9,0.6333333333333333
[all_sim] v108,0.6733333333333333,0.7214606666666666,0.5466666666666666,0.8657933333333332,0.6992053333333332,0.6772466666666668,0.7852233333333332,0.7471333333333333,0.7582933333333334,0.6394066666666666,0.4,0.6666666666666666,0.6333333333333333,0.7,0.3333333333333333,0.82126,0.9148666666666666,0.9067766666666665,0.8764833333333334,0.8095800000000001,0.6067666666666667,0.8012533333333335,0.7883466666666664,0.7229733333333335,0.5766866666666666,0.4666666666666667,0.8333333333333334,0.7333333333333333,0.8666666666666667,0.4666666666666667
[all_sim] v140_hindsight,0.6666666666666667,0.7373019999999999,0.47999999999999987,0.8757313333333332,0.7183633333333334,0.6556499999999998,0.7750066666666666,0.7432233333333333,0.7935200000000002,0.7191100000000001,0.3,0.6,0.4,0.6666666666666666,0.43333333333333335,0.8137766666666667,0.9128799999999999,0.9027200000000001,0.9064166666666665,0.8428633333333333,0.5898666666666669,0.8075233333333334,0.7734966666666667,0.7815233333333332,0.6394066666666666,0.4,0.7666666666666667,0.7,0.8666666666666667,0.6
[mix] v141_hindsight,0.6666666666666667,0.735074,0.49333333333333335,0.8761620000000001,0.7138253333333333,0.65753,0.79756,0.7021266666666667,0.80213,0.7160233333333333,0.26666666666666666,0.7,0.36666666666666664,0.7666666666666667,0.36666666666666664,0.803646666666667,0.9385966666666666,0.8883433333333334,0.91244,0.8377833333333332,0.5585833333333333,0.8561766666666666,0.7341500000000001,0.7962533333333333,0.6239633333333331,0.36666666666666664,0.8666666666666667,0.6,0.9,0.6
[mix] v145_hindsight,0.6666666666666667,0.74093,0.5,0.8897833333333335,0.7443486666666665,0.67137,0.78622,0.7210833333333333,0.8036566666666666,0.7223200000000001,0.3333333333333333,0.6666666666666666,0.3333333333333333,0.6333333333333333,0.5333333333333333,0.8371433333333335,0.9288966666666667,0.9003166666666665,0.9079900000000001,0.8745700000000001,0.6193299999999999,0.8325766666666666,0.7749166666666667,0.7864733333333335,0.7084466666666668,0.4,0.8,0.5666666666666667,0.9333333333333333,0.6333333333333333
[all_sim] v102,0.6666666666666667,0.7319920000000001,0.5066666666666666,0.8829126666666667,0.733974,0.7112166666666667,0.7956366666666667,0.7049866666666668,0.80581,0.64231,0.3333333333333333,0.7666666666666667,0.4,0.7333333333333333,0.3,0.8811233333333333,0.91989,0.8927300000000001,0.8995099999999999,0.82131,0.7314733333333333,0.8053566666666667,0.7696333333333333,0.7661199999999998,0.5972866666666666,0.5333333333333333,0.9,0.6,0.9333333333333333,0.36666666666666664
[all_sim] v115_hindsight,0.6666666666666667,0.7320906666666667,0.42666666666666664,0.8952453333333332,0.756688,0.6990433333333335,0.77801,0.6938099999999998,0.7937266666666666,0.6958633333333334,0.2,0.6666666666666666,0.23333333333333334,0.7333333333333333,0.3,0.8693666666666666,0.9213233333333333,0.8884933333333334,0.9304966666666667,0.8665466666666667,0.7015799999999999,0.8169866666666667,0.74792,0.8329633333333334,0.68399,0.5666666666666667,0.7666666666666667,0.6,0.9333333333333333,0.4666666666666667
[all_sim] v119_hindsight,0.6666666666666667,0.7190740000000002,0.4533333333333333,0.876338,0.7201093333333334,0.6563966666666669,0.768586666666667,0.7324966666666667,0.7344166666666666,0.7034733333333334,0.23333333333333334,0.6,0.5,0.5666666666666667,0.36666666666666664,0.8126733333333332,0.9122733333333334,0.8962333333333333,0.8916433333333333,0.8688666666666667,0.57846,0.80434,0.77633,0.7430799999999999,0.6983366666666666,0.3333333333333333,0.8333333333333334,0.7,0.8666666666666667,0.6
[mix] v143_hindsight,0.6533333333333333,0.7362133333333333,0.5133333333333334,0.87385,0.7136486666666666,0.6935433333333333,0.7778600000000001,0.6944466666666667,0.8198066666666667,0.69541,0.36666666666666664,0.7,0.3,0.8333333333333334,0.36666666666666664,0.8286633333333333,0.9131666666666668,0.8773466666666666,0.9063833333333334,0.84369,0.6126499999999999,0.7996566666666668,0.7331766666666667,0.77899,0.6437700000000001,0.5,0.7666666666666667,0.5666666666666667,1.0,0.43333333333333335
[all_sim] v118_hindsight,0.6466666666666667,0.7223326666666667,0.4666666666666667,0.8790573333333332,0.7249940000000001,0.6597233333333334,0.76084,0.69584,0.79747,0.6977900000000001,0.36666666666666664,0.6333333333333333,0.23333333333333334,0.7333333333333333,0.36666666666666664,0.8421433333333332,0.9012133333333332,0.8953366666666667,0.9151933333333334,0.8414,0.6532266666666666,0.7791200000000001,0.7597500000000001,0.8011466666666668,0.6317266666666669,0.43333333333333335,0.7666666666666667,0.5666666666666667,0.9666666666666667,0.5
[all_sim] v106_hindsight,0.6466666666666666,0.7128173333333334,0.2866666666666666,0.8772326666666667,0.7298386666666666,0.66414,0.7750100000000002,0.66668,0.7952933333333332,0.6629633333333333,0.23333333333333334,0.36666666666666664,0.16666666666666666,0.4,0.26666666666666666,0.8398733333333334,0.9212966666666665,0.8742933333333334,0.9137533333333335,0.8369466666666666,0.6541066666666668,0.8263099999999999,0.7341066666666666,0.8085766666666667,0.6260933333333333,0.5666666666666667,0.7333333333333333,0.5,0.9,0.5333333333333333
[all_sim] v123_hindsight,0.64,0.73056,0.47333333333333333,0.8781046666666666,0.7178486666666668,0.6974633333333332,0.7808633333333334,0.6978899999999999,0.7891866666666668,0.6873966666666667,0.26666666666666666,0.7,0.3,0.7,0.4,0.8441766666666667,0.9178466666666666,0.88427,0.8941366666666666,0.8500933333333334,0.6455533333333333,0.8118966666666668,0.7428633333333334,0.7490033333333332,0.6399266666666665,0.5333333333333333,0.8333333333333334,0.43333333333333335,0.8333333333333334,0.5666666666666667
[all_sim] v138_hindsight,0.6333333333333333,0.733732,0.48,0.8741213333333333,0.7140606666666666,0.6816300000000001,0.7980166666666667,0.6822966666666667,0.7958999999999999,0.7108166666666669,0.3,0.6666666666666666,0.3,0.7333333333333333,0.4,0.8214966666666667,0.92136,0.879,0.9068266666666668,0.8419233333333332,0.6124833333333334,0.8062966666666667,0.7259866666666667,0.78196,0.6435766666666667,0.4,0.8333333333333334,0.4,0.9,0.6333333333333333
[mix] v149_hindsight,0.6133333333333334,0.71578,0.43999999999999995,0.8562493333333334,0.669488,0.6311000000000001,0.7725400000000001,0.7010799999999999,0.7878099999999999,0.6863699999999999,0.16666666666666666,0.6666666666666666,0.26666666666666666,0.7333333333333333,0.36666666666666664,0.7725233333333333,0.9082833333333333,0.8746200000000001,0.8899199999999999,0.8359,0.48493333333333327,0.7844033333333333,0.7111833333333333,0.7378766666666667,0.6290433333333334,0.3,0.8,0.5666666666666667,0.9333333333333333,0.4666666666666667
[all_sim] v103_hindsight,0.6133333333333333,0.7347553333333333,0.32666666666666666,0.8953193333333334,0.764054,0.6433033333333333,0.7727633333333334,0.7232833333333334,0.8328166666666666,0.70161,0.13333333333333333,0.5,0.26666666666666666,0.5,0.23333333333333334,0.8340466666666669,0.9321999999999999,0.9000566666666666,0.9481666666666666,0.8621266666666666,0.6365466666666667,0.8469100000000002,0.7743733333333332,0.8792666666666666,0.6831733333333335,0.3,0.7333333333333333,0.5666666666666667,0.9666666666666667,0.5
[all_sim] v117,0.5933333333333334,0.709002,0.42666666666666664,0.8762673333333334,0.7180453333333332,0.6904499999999999,0.7788799999999998,0.6959233333333333,0.7277966666666668,0.65196,0.36666666666666664,0.6,0.4,0.6333333333333333,0.13333333333333333,0.8482433333333332,0.9322033333333333,0.8884933333333334,0.8821700000000001,0.8302266666666666,0.6583033333333331,0.8414133333333331,0.7501233333333334,0.72544,0.6149466666666666,0.4666666666666667,0.8333333333333334,0.5,0.8333333333333334,0.3333333333333333
[all_sim] v116_hindsight,0.58,0.7273933333333333,0.27999999999999997,0.8965873333333333,0.7636680000000001,0.6985500000000001,0.7908366666666669,0.6575033333333333,0.7962033333333334,0.6938733333333335,0.36666666666666664,0.43333333333333335,0.2,0.26666666666666666,0.13333333333333333,0.87942,0.9457633333333334,0.8668999999999999,0.9476766666666667,0.8431766666666667,0.72171,0.87233,0.7034533333333334,0.88145,0.6393966666666667,0.5666666666666667,0.7333333333333333,0.3,0.8,0.5
[mix] v151_hindsight,0.5733333333333333,0.7113653333333334,0.36,0.8693553333333333,0.7038886666666667,0.6328800000000001,0.7782966666666667,0.6986899999999999,0.7846833333333334,0.6622766666666667,0.16666666666666666,0.5666666666666667,0.26666666666666666,0.6666666666666666,0.13333333333333333,0.8015900000000001,0.9225066666666666,0.8928166666666667,0.8919266666666665,0.8379366666666667,0.56531,0.81546,0.7610833333333334,0.7518566666666667,0.6257333333333333,0.23333333333333334,0.8333333333333334,0.5666666666666667,0.9333333333333333,0.3
[all_sim] v105_flat_policy,0.5666666666666667,0.7110913333333334,0.3666666666666667,0.8686066666666667,0.7043973333333333,0.6739366666666666,0.7475366666666667,0.6921700000000002,0.8021466666666667,0.6396666666666666,0.23333333333333334,0.5,0.3333333333333333,0.6666666666666666,0.1,0.8390633333333333,0.8917966666666665,0.8818666666666667,0.9053033333333335,0.8250033333333332,0.6463933333333333,0.7595733333333333,0.7368333333333332,0.78018,0.5990066666666666,0.36666666666666664,0.7333333333333333,0.4666666666666667,0.9,0.36666666666666664
[all_sim] v135_hindsight,0.5666666666666667,0.707702,0.3466666666666667,0.8681226666666666,0.7009026666666666,0.63839,0.7680599999999999,0.6730333333333335,0.8050966666666667,0.65393,0.1,0.43333333333333335,0.23333333333333334,0.7333333333333333,0.23333333333333334,0.8307699999999999,0.9164099999999997,0.86051,0.9190333333333334,0.8138899999999999,0.6146433333333333,0.8124833333333333,0.69087,0.8115799999999999,0.5749366666666667,0.36666666666666664,0.7,0.43333333333333335,0.9666666666666667,0.36666666666666664
[mix] v155_hindsight,0.56,0.7060913333333333,0.31333333333333335,0.8887699999999998,0.7434486666666668,0.6078733333333335,0.7482033333333332,0.6820999999999999,0.7980866666666666,0.6941933333333332,0.06666666666666667,0.6333333333333333,0.1,0.6,0.16666666666666666,0.8109666666666667,0.9272333333333334,0.90538,0.9290333333333332,0.8712366666666665,0.5660233333333333,0.8360533333333334,0.7866599999999999,0.8339366666666668,0.6945700000000001,0.23333333333333334,0.7,0.43333333333333335,0.9666666666666667,0.4666666666666667
[all_sim] v106,0.5533333333333333,0.6929879999999999,0.4666666666666666,0.8532900000000001,0.6680926666666667,0.6689466666666668,0.75334,0.6718,0.7150633333333332,0.65579,0.3,0.6,0.4,0.7,0.3333333333333333,0.8264166666666669,0.8901233333333333,0.8655166666666667,0.8676966666666668,0.8166966666666667,0.6121866666666665,0.7631533333333334,0.6874433333333333,0.6888566666666666,0.5888233333333334,0.36666666666666664,0.7333333333333333,0.43333333333333335,0.8333333333333334,0.4
[all_sim] v105_ordinary_policy,0.5533333333333333,0.7076406666666666,0.4133333333333333,0.8648093333333333,0.697172,0.6421699999999998,0.7648200000000002,0.6879433333333332,0.7715433333333332,0.6717266666666666,0.23333333333333334,0.6333333333333333,0.16666666666666666,0.7333333333333333,0.3,0.8243266666666667,0.9064599999999999,0.8655366666666666,0.8914333333333333,0.83629,0.6140966666666667,0.7914800000000002,0.6983466666666664,0.7558466666666667,0.6260900000000001,0.26666666666666666,0.8333333333333334,0.43333333333333335,0.8333333333333334,0.4
[all_sim] v105_hindsight,0.5466666666666666,0.7079200000000001,0.24,0.8828046666666667,0.7316766666666666,0.6328133333333332,0.7854033333333333,0.6780633333333335,0.7750000000000001,0.6683199999999999,0.03333333333333333,0.36666666666666664,0.26666666666666666,0.4,0.13333333333333333,0.8285566666666667,0.9420500000000002,0.8826199999999998,0.9195099999999999,0.8412866666666666,0.6077466666666667,0.8647633333333331,0.7420433333333333,0.8201466666666667,0.6236833333333334,0.2,0.7333333333333333,0.5333333333333333,0.8,0.4666666666666667
[all_sim] v109,0.5333333333333334,0.6799099999999999,0.4133333333333333,0.8422733333333333,0.6452273333333334,0.6427133333333332,0.7242599999999999,0.6559433333333334,0.7407566666666664,0.6358766666666665,0.23333333333333334,0.6333333333333333,0.2,0.7333333333333333,0.26666666666666666,0.8032033333333332,0.8828566666666666,0.8546566666666667,0.8570200000000001,0.81363,0.56696,0.7454733333333332,0.66124,0.6715366666666667,0.5809266666666666,0.3333333333333333,0.7333333333333333,0.4,0.8333333333333334,0.36666666666666664
[all_sim] v133_hindsight,0.5333333333333333,0.6941,0.2733333333333333,0.8601153333333335,0.6825713333333333,0.6313866666666665,0.7604266666666669,0.6322,0.7817466666666667,0.6647399999999999,0.16666666666666666,0.4666666666666667,0.06666666666666667,0.43333333333333335,0.23333333333333334,0.7971,0.9166766666666668,0.8518466666666666,0.9056666666666668,0.8292866666666665,0.5415933333333334,0.8078766666666667,0.6743333333333332,0.7808866666666667,0.6081666666666666,0.3,0.8,0.3,0.8666666666666667,0.4
[all_sim] v104,0.5266666666666666,0.6606526666666666,0.45999999999999996,0.8335140000000001,0.6290479999999999,0.7057066666666668,0.6918399999999998,0.70765,0.6330199999999999,0.5650466666666667,0.4666666666666667,0.5333333333333333,0.5333333333333333,0.6333333333333333,0.13333333333333333,0.8414133333333332,0.8394733333333332,0.8713066666666668,0.8385666666666668,0.7768099999999999,0.6529133333333333,0.6557966666666667,0.7143733333333333,0.6189833333333333,0.5031733333333334,0.5333333333333333,0.6,0.5666666666666667,0.7,0.23333333333333334
[all_sim] v102_hindsight,0.5266666666666666,0.7088386666666666,0.10666666666666666,0.886922,0.7420933333333333,0.6492633333333333,0.7847033333333334,0.64195,0.8096200000000001,0.6586566666666667,0.03333333333333333,0.23333333333333334,0.0,0.23333333333333334,0.03333333333333333,0.8431166666666667,0.9378833333333334,0.86195,0.9392066666666669,0.8524533333333333,0.6377233333333333,0.8540666666666666,0.6878366666666668,0.8617733333333333,0.6690666666666665,0.3333333333333333,0.7666666666666667,0.3,0.8666666666666667,0.36666666666666664
[mix] v156_hindsight,0.4375,0.6821904166666668,0.23333333333333334,0.8468,0.6604579166666666,0.6491433333333334,,0.7152375000000001,,,0.13333333333333333,,0.3333333333333333,,,0.8119833333333333,,0.8816166666666666,,,0.5764866666666666,,0.7444291666666668,,,0.3333333333333333,,0.5416666666666666,,
[all_sim] v143_hindsight,0.42727272727272725,0.6595083333333334,0.3318181818181818,0.8451695454545456,0.6521236363636365,0.6630166666666667,,0.656,,,0.3,,0.36363636363636365,,,0.8272300000000001,,0.863109090909091,,,0.60062,,0.7036272727272728,,,0.4,,0.45454545454545453,,
[mix] v157_hindsight,0.31862745098039214,0.6320114705882354,0.15098039215686274,0.8146250980392157,0.5904141176470589,0.5931700000000001,,0.6708529411764707,,,0.06666666666666667,,0.23529411764705882,,,0.7545266666666667,,0.8747235294117647,,,0.44014000000000003,,0.7406882352941178,,,0.16666666666666666,,0.47058823529411764,,
[all_sim] v134_hindsight,0.16666666666666669,0.6055986666666666,0.06,0.8036313333333334,0.5539053333333334,0.52218,0.6784566666666667,0.5557533333333333,0.7087233333333333,0.56288,0.0,0.1,0.03333333333333333,0.16666666666666666,0.0,0.7211933333333334,0.8631366666666669,0.7783866666666667,0.8728433333333334,0.7825966666666667,0.37192666666666674,0.68068,0.50471,0.7160366666666668,0.4961733333333333,0.03333333333333333,0.23333333333333334,0.13333333333333333,0.4,0.03333333333333333
[all_sim] v120_hindsight,0.03333333333333334,0.5455473333333334,0.013333333333333332,0.7667560000000001,0.4752306666666667,0.5053833333333333,0.5955933333333335,0.49856666666666677,0.6303333333333333,0.49785999999999986,0.0,0.03333333333333333,0.0,0.03333333333333333,0.0,0.6887800000000001,0.8446333333333332,0.7336200000000002,0.8120566666666668,0.75469,0.29805333333333334,0.6466033333333334,0.41965999999999987,0.5650300000000001,0.4468066666666667,0.0,0.03333333333333333,0.03333333333333333,0.1,0.0
[all_sim] v130_hindsight,0.013333333333333332,0.4995446666666667,0.0,0.7201779999999999,0.372626,0.45116333333333336,0.4970033333333334,0.48659000000000013,0.5778166666666668,0.48515,0.0,0.0,0.0,0.0,0.0,0.6617833333333334,0.7510633333333332,0.7128866666666663,0.7641466666666665,0.71101,0.24286333333333332,0.4394566666666667,0.36387,0.46697666666666665,0.3499633333333333,0.0,0.0,0.0,0.06666666666666667,0.0
