Garment,Split,Normalised Coverage,Max IoU,Colour
Longsleeve,Train,1.0,0.9538888888888889,"[46, 111, 101]"
Longsleeve,Train,0.5735831022611042,0.5470347648261759,"[202, 187, 180]"
Longsleeve,Train,0.48562266534372217,0.31800766283524906,"[194, 178, 117]"
Longsleeve,Train,0.5140350921969776,0.4612756264236902,"[255, 255, 255]"
Longsleeve,Train,0.5356109984349856,0.5146746065504041,"[196, 180, 118]"
Longsleeve,Train,1.0,0.9668534080298786,"[255, 255, 255]"
Longsleeve,Train,0.9997188886579708,0.962987012987013,"[255, 255, 255]"
Longsleeve,Train,0.9995862842046355,0.9546079779917469,"[207, 220, 218]"
Longsleeve,Train,0.9997537174770835,0.9614814814814815,"[255, 155, 182]"
Longsleeve,Train,0.576088342056164,0.23595505617977527,"[44, 230, 185]"
Longsleeve,Train,0.4127579464884723,0.402465166130761,"[109, 100, 144]"
Longsleeve,Train,0.5607929036780407,0.43810032017075773,"[164, 146, 159]"
Longsleeve,Train,0.5892930699223314,0.5396405919661733,"[113, 103, 149]"
Longsleeve,Train,0.46430218601406165,0.46298472385428907,"[104, 127, 60]"
Longsleeve,Train,0.6144368913561948,0.5487493619193466,"[234, 210, 211]"
Longsleeve,Train,0.4365708520220655,0.43273691186216034,"[188, 189, 245]"
Longsleeve,Train,0.6773390100112151,0.5698005698005698,"[68, 140, 130]"
Longsleeve,Train,0.8921461009010017,0.32601713062098503,"[117, 107, 154]"
Longsleeve,Train,1.0,0.968482905982906,"[204, 247, 212]"
Longsleeve,Train,0.47516546850265595,0.42397959183673467,"[228, 205, 205]"
Longsleeve,Train,0.5330283532528722,0.48092643051771117,"[62, 57, 61]"
Longsleeve,Train,0.5328344343533403,0.43782929399367754,"[12, 41, 65]"
Longsleeve,Train,0.8229027193604109,0.6746909564085881,"[200, 212, 210]"
Longsleeve,Train,0.6127538058792826,0.5743685687558466,"[128, 253, 212]"
Longsleeve,Train,1.0,0.9627064464571125,"[255, 235, 246]"
Longsleeve,Train,0.44090160168515663,0.3917288914417002,"[67, 139, 129]"
Longsleeve,Train,0.8281731283509394,0.09219457013574661,"[45, 109, 98]"
Longsleeve,Train,0.5733278939480302,0.4423076923076923,"[249, 213, 239]"
Longsleeve,Train,0.5219120421784061,0.5,"[106, 130, 62]"
Longsleeve,Train,0.5202695115724371,0.470703125,"[150, 96, 148]"
Longsleeve,Train,0.6226351326653045,0.606239460370995,"[199, 182, 120]"
Longsleeve,Train,1.0,0.9636752136752137,"[204, 246, 212]"
Longsleeve,Train,1.0,0.948488241881299,"[255, 255, 255]"
Longsleeve,Train,0.6590050679208506,0.49293563579277866,"[43, 104, 94]"
Longsleeve,Train,0.5470052079173784,0.5120967741935484,"[255, 255, 255]"
Longsleeve,Train,0.9998681308678101,0.969300739056282,"[255, 255, 255]"
Longsleeve,Train,1.0,0.9712871287128713,"[255, 180, 204]"
Longsleeve,Train,1.0,0.9690431519699813,"[255, 255, 255]"
Longsleeve,Train,0.9993188790100603,0.980528511821975,"[207, 220, 218]"
Longsleeve,Train,0.3933182226471275,0.37082691319979455,"[240, 216, 217]"
Longsleeve,Train,0.6682525117404863,0.2745874587458746,"[255, 255, 255]"
Longsleeve,Train,0.6975458027199192,0.6015820149875104,"[205, 188, 124]"
Longsleeve,Train,0.5777146067067717,0.48921991375931007,"[187, 249, 223]"
Longsleeve,Train,0.9998759282187311,0.9798081776880363,"[144, 154, 163]"
Longsleeve,Train,0.7639029515001077,0.2760493827160494,"[158, 154, 147]"
Longsleeve,Train,0.6967280129063514,0.6507832898172323,"[255, 255, 255]"
Longsleeve,Train,0.5589123325724119,0.5375,"[67, 66, 61]"
Longsleeve,Train,0.7166788806871343,0.6107879428873612,"[116, 106, 153]"
Longsleeve,Train,0.4907681254722068,0.4386594853381209,"[98, 218, 110]"
Longsleeve,Train,0.48964882296649026,0.45929945732609767,"[149, 95, 148]"
Longsleeve,Train,0.5940046994171994,0.516336368505624,"[218, 161, 233]"
Longsleeve,Train,0.6909669579707206,0.638616417139907,"[12, 42, 66]"
Longsleeve,Train,0.7356879156039633,0.5587899543378996,"[69, 142, 133]"
Longsleeve,Train,1.0,0.974657881398885,"[196, 185, 190]"
Longsleeve,Train,0.48702827713607405,0.4731610337972167,"[188, 189, 245]"
Longsleeve,Train,1.0,0.9892066918510524,"[255, 236, 246]"
Longsleeve,Train,1.0,0.9578347578347578,"[101, 52, 91]"
Longsleeve,Train,0.6858267613560991,0.401323706377858,"[255, 125, 175]"
Longsleeve,Train,0.6069456168173933,0.5405546834118262,"[12, 41, 65]"
Longsleeve,Train,0.5814997379846883,0.48522299838796346,"[182, 220, 189]"
Longsleeve,Train,0.5420493316183917,0.4646153846153846,"[183, 155, 141]"
Longsleeve,Train,0.6338996931747853,0.5453644025780863,"[228, 205, 205]"
Longsleeve,Train,0.6204174941017294,0.22496570644718794,"[144, 197, 153]"
Longsleeve,Train,0.610808955524773,0.5521339816315505,"[67, 66, 61]"
Longsleeve,Train,0.4040961407033171,0.38543046357615895,"[193, 194, 252]"
Longsleeve,Train,0.5331464946203938,0.5023017902813299,"[192, 178, 172]"
Longsleeve,Train,1.0,0.974798927613941,"[255, 236, 246]"
Longsleeve,Train,0.7069510579905177,0.38786279683377306,"[255, 255, 255]"
Longsleeve,Train,0.5505327897537631,0.5134907251264755,"[202, 185, 122]"
Longsleeve,Train,0.6120353979067928,0.41285619615639496,"[181, 182, 237]"
Longsleeve,Train,0.5133085898522053,0.453027139874739,"[12, 40, 64]"
Longsleeve,Train,0.5328178667344763,0.5204819277108433,"[182, 241, 217]"
Longsleeve,Train,0.4521066901089449,0.42068595927116825,"[42, 217, 175]"
Longsleeve,Train,0.5971327801104105,0.543036750483559,"[157, 101, 155]"
Longsleeve,Train,0.6503715162457238,0.5942675159235669,"[255, 255, 255]"
Longsleeve,Train,0.8068816575950192,0.1291139240506329,"[255, 222, 249]"
Longsleeve,Train,0.4593420839049254,0.3829309376754632,"[154, 137, 150]"
Longsleeve,Train,0.7688456825665789,0.6436170212765957,"[133, 255, 222]"
Longsleeve,Train,0.5940198634647778,0.5737986270022883,"[67, 138, 128]"
Longsleeve,Train,0.9997923877029466,0.9626168224299065,"[178, 159, 173]"
Longsleeve,Train,0.6699453949544927,0.5111301369863014,"[64, 58, 62]"
Longsleeve,Train,0.4163649470204825,0.39906303236797275,"[201, 184, 121]"
Longsleeve,Train,0.6424415403287508,0.5465553235908142,"[154, 153, 153]"
Longsleeve,Train,0.5813281574330202,0.5432946145723336,"[223, 165, 238]"
Longsleeve,Train,0.5129471793819911,0.49759229534510435,"[114, 104, 151]"
Longsleeve,Train,0.9990786070415171,0.9764411027568922,"[255, 228, 255]"
Longsleeve,Train,0.6191509554717142,0.5478128179043744,"[185, 175, 180]"
Longsleeve,Train,0.5696974640294268,0.545372460496614,"[64, 58, 62]"
Longsleeve,Train,1.0,0.9803921568627451,"[48, 246, 198]"
Longsleeve,Train,0.47906597115539323,0.45670391061452514,"[190, 201, 199]"
Longsleeve,Train,0.5220857032816522,0.42934782608695654,"[68, 67, 62]"
Longsleeve,Train,0.574221542609672,0.5440036479708162,"[151, 206, 160]"
Longsleeve,Train,0.9993699487753704,0.9662921348314607,"[104, 231, 117]"
Longsleeve,Train,0.5969719242211924,0.5230540406544373,"[255, 171, 195]"
Longsleeve,Train,1.0,0.965183752417795,"[164, 105, 163]"
Longsleeve,Train,0.6135011939002806,0.5688976377952756,"[255, 169, 192]"
Longsleeve,Train,0.5517861871849826,0.5178268251273345,"[201, 184, 121]"
Longsleeve,Train,0.565519791258887,0.5521512385919165,"[254, 254, 254]"
Longsleeve,Train,0.650611637898973,0.5748469671675014,"[43, 105, 95]"
Longsleeve,Train,0.5144292270531753,0.47714716223003517,"[247, 143, 167]"
Longsleeve,Train,0.47647005527043385,0.45944380069524915,"[90, 47, 82]"
Longsleeve,Train,0.583472164439527,0.5266622778143516,"[254, 252, 252]"
Longsleeve,Train,0.6410854243810207,0.4139194139194139,"[155, 212, 164]"
Longsleeve,Train,0.5058729792971112,0.40011580775911987,"[251, 250, 255]"
Longsleeve,Train,0.5714776207175726,0.508456082924168,"[168, 150, 163]"
Longsleeve,Train,0.5353605814301856,0.49144736842105263,"[54, 135, 54]"
Longsleeve,Train,1.0,0.9812925170068028,"[165, 164, 165]"
Longsleeve,Train,1.0,0.9752204955900882,"[216, 198, 130]"
Longsleeve,Train,0.9994783621856488,0.9739413680781759,"[255, 255, 255]"
Longsleeve,Train,0.9997363578247855,0.9482535575679172,"[200, 202, 255]"
Longsleeve,Train,1.0,0.978704123244223,"[163, 223, 173]"
Longsleeve,Train,0.5326470780872429,0.5060024009603842,"[100, 224, 113]"
Longsleeve,Train,0.5270022361300959,0.3601123595505618,"[161, 143, 156]"
Longsleeve,Train,1.0,0.9719321148825065,"[200, 201, 255]"
Longsleeve,Train,0.5198349987386595,0.4923790589794566,"[185, 186, 241]"
Longsleeve,Train,0.4972846465833752,0.46619217081850534,"[129, 137, 145]"
Longsleeve,Train,0.5334849436000685,0.43895486935866984,"[255, 255, 255]"
Longsleeve,Train,0.999415411278692,0.976770538243626,"[255, 255, 255]"
Longsleeve,Train,1.0,0.9759238521836506,"[46, 111, 101]"
Longsleeve,Train,0.607115087244419,0.5666163901458019,"[254, 168, 191]"
Longsleeve,Train,0.4799261265398474,0.45011737089201875,"[106, 130, 62]"
Longsleeve,Train,1.0,0.966183574879227,"[231, 172, 247]"
Longsleeve,Train,0.9996317010811816,0.9450274862568716,"[251, 225, 226]"
Longsleeve,Train,0.6502262491163656,0.6134831460674157,"[65, 60, 63]"
Longsleeve,Train,0.5226088828069612,0.5082063305978898,"[102, 125, 59]"
Longsleeve,Train,0.9998340060512608,0.9704142011834319,"[255, 133, 186]"
Longsleeve,Train,0.6321613271289145,0.5844155844155844,"[56, 141, 56]"
Longsleeve,Train,1.0,0.9869215291750503,"[255, 228, 255]"
Longsleeve,Train,1.0,0.9606965174129353,"[255, 228, 255]"
Longsleeve,Train,0.999989727502231,0.9799541809851088,"[255, 255, 255]"
Longsleeve,Train,0.4708330615896111,0.45246690734055356,"[255, 120, 168]"
Longsleeve,Train,0.4972009607339475,0.48112244897959183,"[133, 142, 151]"
Longsleeve,Train,1.0,0.9858356940509915,"[255, 255, 255]"
Longsleeve,Train,0.6421578648125355,0.5957336108220603,"[12, 42, 67]"
Longsleeve,Train,0.5082401025416824,0.4554794520547945,"[156, 100, 155]"
Longsleeve,Train,0.7371049753902621,0.6119078661451542,"[66, 60, 64]"
Longsleeve,Train,0.5651639085294871,0.251131221719457,"[41, 99, 90]"
Longsleeve,Train,0.6173248879350006,0.5760517799352751,"[255, 221, 230]"
Longsleeve,Train,0.6576656963515619,0.5444925444925445,"[251, 215, 241]"
Longsleeve,Train,0.9993685347105229,0.9586776859504132,"[255, 133, 186]"
Longsleeve,Train,0.5113023749473423,0.484375,"[255, 212, 222]"
Longsleeve,Train,1.0,0.9462435233160622,"[200, 201, 255]"
Longsleeve,Train,0.49179443664569755,0.460332541567696,"[252, 250, 249]"
Longsleeve,Train,1.0,0.9749121926743602,"[255, 228, 255]"
Longsleeve,Train,0.578909866563783,0.4801078894133513,"[193, 204, 203]"
Longsleeve,Train,0.5307234922695042,0.46750788643533125,"[171, 146, 133]"
Longsleeve,Train,0.6067495985995618,0.46452271567126086,"[183, 172, 178]"
Longsleeve,Train,0.540016049390475,0.5181286549707602,"[106, 130, 62]"
Longsleeve,Train,0.5846455099469188,0.5472350230414746,"[253, 253, 255]"
Longsleeve,Train,0.9999993166755136,0.9649021864211738,"[112, 138, 66]"
Longsleeve,Train,0.6139383414952225,0.549757934373319,"[221, 163, 235]"
Longsleeve,Train,0.5294431753840337,0.4857288481141692,"[195, 181, 175]"
Longsleeve,Train,0.6398537204893446,0.5338299193047796,"[184, 156, 142]"
Longsleeve,Train,0.9985046798599049,0.970504821327283,"[71, 146, 136]"
Longsleeve,Train,0.6945031975849947,0.5973111395646606,"[255, 255, 255]"
Longsleeve,Train,0.5726475631533443,0.15953109072375127,"[140, 149, 158]"
Longsleeve,Train,0.8443513488817891,0.6476311336717429,"[64, 59, 63]"
Longsleeve,Train,0.47717487819985777,0.45570353213665316,"[89, 46, 81]"
Longsleeve,Train,0.7112637968289165,0.632847533632287,"[68, 140, 130]"
Longsleeve,Train,0.4696291667460464,0.4311377245508982,"[215, 159, 230]"
Longsleeve,Train,0.43663806443710734,0.43370311674590595,"[12, 41, 65]"
Longsleeve,Train,0.4745089277170734,0.4617442482611022,"[43, 223, 180]"
Longsleeve,Train,0.49593236576762756,0.46157635467980296,"[155, 99, 153]"
Longsleeve,Train,0.9999259208063425,0.9762979683972912,"[255, 255, 255]"
Longsleeve,Train,0.4459518441561811,0.40944520861989914,"[144, 197, 153]"
Longsleeve,Train,1.0,0.9809296781883194,"[199, 255, 237]"
Longsleeve,Train,0.6451644651362097,0.5319277108433735,"[181, 154, 140]"
Longsleeve,Train,0.6840791362296915,0.6350435624394967,"[157, 101, 155]"
Longsleeve,Train,0.6223029217348147,0.573373676248109,"[199, 184, 178]"
Longsleeve,Train,0.4378852826018893,0.19699595609474294,"[254, 254, 255]"
Longsleeve,Train,0.5316326444264984,0.4893248701673399,"[255, 255, 255]"
Longsleeve,Train,0.5804280992409492,0.44571167883211676,"[153, 209, 162]"
Longsleeve,Train,1.0,0.9666666666666667,"[163, 223, 173]"
Longsleeve,Train,0.770170066553238,0.6457174638487208,"[69, 142, 132]"
Longsleeve,Train,0.5908109913621402,0.5143586470963625,"[54, 135, 54]"
Longsleeve,Train,0.6263689534833541,0.5953678474114441,"[152, 207, 161]"
Longsleeve,Train,0.42972626142086606,0.41445783132530123,"[187, 249, 224]"
Longsleeve,Train,0.5577877911905076,0.5180904522613066,"[255, 170, 193]"
Longsleeve,Train,0.9998849727880744,0.9775739041794088,"[196, 185, 190]"
Longsleeve,Train,1.0,0.9750849377123443,"[71, 147, 136]"
Longsleeve,Train,0.5636210032393194,0.4957627118644068,"[185, 223, 192]"
Longsleeve,Train,0.5482978981062908,0.49435787211176785,"[255, 211, 220]"
Longsleeve,Train,0.43667952723986786,0.4218390804597701,"[62, 128, 120]"
Longsleeve,Train,0.46516220316071033,0.455125284738041,"[62, 57, 60]"
Longsleeve,Train,1.0,0.9690826153066396,"[209, 194, 187]"
Longsleeve,Train,0.5032076324062169,0.4537645275391612,"[236, 201, 225]"
Longsleeve,Train,1.0,0.9704935622317596,"[231, 172, 247]"
Longsleeve,Train,0.6168764433198473,0.5658153241650294,"[154, 99, 152]"
Longsleeve,Train,1.0,0.9788732394366197,"[255, 255, 255]"
Longsleeve,Train,0.6181027802254059,0.5196850393700787,"[247, 222, 222]"
Longsleeve,Train,0.5332109388502698,0.4886685552407932,"[255, 255, 255]"
Longsleeve,Train,0.4362654961172086,0.4204255319148936,"[199, 182, 120]"
Longsleeve,Train,0.7536868645399561,0.6571428571428571,"[155, 212, 164]"
Longsleeve,Train,0.5382625826294086,0.4963648380700595,"[255, 255, 255]"
Longsleeve,Train,1.0,0.9849246231155779,"[255, 228, 255]"
Longsleeve,Train,1.0,0.9724867724867725,"[122, 112, 161]"
Longsleeve,Train,0.5957717747573456,0.5588901472253681,"[254, 252, 253]"
Longsleeve,Train,0.47383157240694157,0.44251626898047725,"[184, 221, 191]"
Longsleeve,Train,0.6879812404748704,0.65973630831643,"[243, 218, 219]"
Longsleeve,Train,0.5141715374890177,0.4874129619710766,"[44, 227, 183]"
Longsleeve,Val,1.0,0.9538888888888889,"[46, 111, 101]"
Longsleeve,Val,0.5736308290919573,0.5475460122699386,"[202, 187, 180]"
Longsleeve,Val,0.48560483800762233,0.3178723404255319,"[194, 178, 117]"
Longsleeve,Val,0.5140829288712913,0.4612756264236902,"[255, 255, 255]"
Longsleeve,Val,0.5357849022371732,0.5144557823129252,"[195, 179, 118]"
Longsleeve,Val,1.0,0.966837926202709,"[255, 255, 255]"
Longsleeve,Val,0.9996716426199214,0.962987012987013,"[255, 255, 255]"
Longsleeve,Val,0.9995206983203628,0.9546079779917469,"[207, 220, 218]"
Longsleeve,Val,0.9998159858225734,0.9614814814814815,"[255, 155, 182]"
Longsleeve,Val,0.5761411095086478,0.23595505617977527,"[44, 230, 185]"
Longsleeve,Eval,1.0,0.9538888888888889,"[46, 111, 101]"
Longsleeve,Eval,0.5735642528690509,0.5475460122699386,"[201, 187, 180]"
Longsleeve,Eval,0.4856223105766861,0.31800766283524906,"[194, 178, 117]"
Longsleeve,Eval,0.514079257723341,0.46153846153846156,"[255, 255, 255]"
Longsleeve,Eval,0.5357222229750501,0.5146746065504041,"[196, 179, 118]"
Longsleeve,Eval,1.0,0.9659356042930471,"[255, 255, 255]"
Longsleeve,Eval,0.9997136744802407,0.962987012987013,"[255, 255, 255]"
Longsleeve,Eval,0.9996880930944708,0.9546079779917469,"[207, 220, 218]"
Longsleeve,Eval,0.9997408267850179,0.9614814814814815,"[255, 155, 182]"
Longsleeve,Eval,0.5761337007033163,0.2360813704496788,"[44, 230, 185]"
Longsleeve,Eval,0.4126922688620895,0.402465166130761,"[109, 100, 144]"
Longsleeve,Eval,0.560859771767518,0.43810032017075773,"[164, 146, 159]"
Longsleeve,Eval,0.5893226530170576,0.5388272583201268,"[113, 103, 149]"
Longsleeve,Eval,0.4642468443564884,0.46298472385428907,"[104, 127, 61]"
Longsleeve,Eval,0.6145346836547226,0.5487493619193466,"[234, 210, 211]"
Longsleeve,Eval,0.43662390697624326,0.43273691186216034,"[188, 189, 245]"
Longsleeve,Eval,0.6772033491380439,0.5698005698005698,"[68, 140, 130]"
Longsleeve,Eval,0.8922835119418159,0.32619175147295126,"[117, 107, 154]"
Longsleeve,Eval,1.0,0.9690005344735435,"[204, 247, 212]"
Longsleeve,Eval,0.47515891915728575,0.4235474006116208,"[228, 204, 205]"
Longsleeve,Eval,0.5329286619085183,0.48092643051771117,"[62, 57, 61]"
Longsleeve,Eval,0.5327759268259508,0.43759873617693523,"[12, 41, 65]"
Longsleeve,Eval,0.8226112559680987,0.6746909564085881,"[199, 211, 209]"
Longsleeve,Eval,0.6126873221178931,0.5743685687558466,"[128, 253, 212]"
Longsleeve,Eval,1.0,0.9632392115077251,"[255, 235, 246]"
Longsleeve,Eval,0.4409263934540394,0.3917288914417002,"[67, 138, 129]"
Longsleeve,Eval,0.8280988818256811,0.09219457013574661,"[45, 109, 98]"
Longsleeve,Eval,0.573305387008561,0.4418016194331984,"[249, 213, 239]"
Longsleeve,Eval,0.521947681764726,0.5,"[106, 130, 62]"
Longsleeve,Eval,0.5201738636528997,0.470703125,"[150, 96, 148]"
Trousers,Train,0.43871531286099646,0.43284493284493286,"[255, 251, 254]"
Trousers,Train,0.9970441770626284,0.9448476052249637,"[102, 99, 102]"
Trousers,Train,0.9999894029810533,0.9441565918249856,"[255, 255, 230]"
Trousers,Train,0.6824106811326448,0.28225806451612906,"[173, 255, 254]"
Trousers,Train,1.0,0.9461358313817331,"[76, 255, 107]"
Trousers,Train,0.6503851885568277,0.6317545030020013,"[206, 189, 124]"
Trousers,Train,0.4802773365702024,0.48484848484848486,"[225, 230, 218]"
Trousers,Train,0.5070041220326494,0.5067369654364382,"[96, 60, 65]"
Trousers,Train,0.5406536307781564,0.4956772334293948,"[97, 61, 66]"
Trousers,Train,1.0,0.9418604651162791,"[212, 133, 255]"
Trousers,Train,0.9991259886092274,0.9615160349854227,"[104, 65, 71]"
Trousers,Train,0.5594822154517843,0.5522807017543859,"[254, 253, 253]"
Trousers,Train,0.5749976828932784,0.5651658767772512,"[185, 174, 173]"
Trousers,Train,0.6208309106201301,0.29016120066703727,"[188, 213, 205]"
Trousers,Train,0.6099619871601748,0.6011777301927195,"[218, 163, 218]"
Trousers,Train,0.7679274297927949,0.6898364485981309,"[242, 255, 242]"
Trousers,Train,0.5613158808127611,0.5641741071428571,"[188, 255, 244]"
Trousers,Train,0.5324635920919639,0.5242316784869976,"[109, 104, 100]"
Trousers,Train,0.5733359736731414,0.542572463768116,"[83, 77, 33]"
Trousers,Train,0.4596877233975368,0.45406626506024095,"[247, 212, 237]"
Trousers,Train,0.48268702535110636,0.47305728871242203,"[145, 182, 155]"
Trousers,Train,1.0,0.973919523099851,"[238, 230, 231]"
Trousers,Train,0.6043027384689721,0.5902358749314317,"[217, 214, 223]"
Trousers,Train,0.7466954934555162,0.6475270039795338,"[235, 223, 227]"
Trousers,Train,0.5257505938176771,0.5328317373461012,"[168, 180, 148]"
Trousers,Train,0.9991757824273445,0.940625,"[221, 255, 255]"
Trousers,Train,0.5235108137008053,0.4948328267477204,"[250, 248, 249]"
Trousers,Train,0.9996106950069372,0.9525205158264948,"[219, 254, 251]"
Trousers,Train,0.6664347325118815,0.6162790697674418,"[108, 101, 101]"
Trousers,Train,0.9997096864962177,0.9566955363091273,"[212, 255, 240]"
Trousers,Train,1.0,0.9715380405035577,"[200, 227, 219]"
Trousers,Train,0.9990626501456594,0.9581673306772909,"[96, 95, 95]"
Trousers,Train,1.0,0.9503401360544218,"[112, 154, 89]"
Trousers,Train,0.5234508096559666,0.508761329305136,"[232, 250, 233]"
Trousers,Train,0.628043941611501,0.625278810408922,"[195, 122, 255]"
Trousers,Train,0.9993161639787898,0.9756722151088348,"[185, 198, 163]"
Trousers,Train,1.0,0.9489795918367347,"[180, 255, 255]"
Trousers,Train,0.9959869573175594,0.9737516005121639,"[188, 158, 147]"
Trousers,Train,0.9960635464120116,0.974375400384369,"[188, 158, 147]"
Trousers,Train,0.99984613551468,0.9852558542931483,"[163, 128, 164]"
Trousers,Train,0.6016271037274027,0.5751748251748252,"[100, 67, 176]"
Trousers,Train,0.5661183608386503,0.5382185723310171,"[106, 255, 253]"
Trousers,Train,0.43624687270833334,0.4293026231605886,"[140, 44, 78]"
Trousers,Train,0.5594008670413267,0.5464285714285714,"[234, 251, 234]"
Trousers,Train,0.571917603843058,0.5071387778412336,"[255, 240, 211]"
Trousers,Train,0.47864338108673943,0.4671734623358673,"[71, 73, 146]"
Trousers,Train,1.0,0.942442173211404,"[211, 208, 255]"
Trousers,Train,0.9962627066048991,0.9903917220990391,"[102, 99, 102]"
Trousers,Train,0.6254576596743335,0.5213803450862715,"[252, 217, 243]"
Trousers,Train,0.9991885058531962,0.9552941176470588,"[219, 254, 251]"
Trousers,Train,0.6519873636016406,0.6114130434782609,"[201, 198, 255]"
Trousers,Train,0.5508912291284662,0.5465465465465466,"[237, 237, 255]"
Trousers,Train,0.48193493320021463,0.49318624269954575,"[168, 179, 148]"
Trousers,Train,0.9999771799125818,0.9678628816282807,"[229, 172, 229]"
Trousers,Train,1.0,0.9704301075268817,"[212, 255, 240]"
Trousers,Train,0.5968676892249586,0.48475222363405335,"[108, 255, 254]"
Trousers,Train,0.4846894954384418,0.46657081236520487,"[217, 163, 177]"
Trousers,Train,0.5298881811899009,0.5038975501113586,"[173, 194, 194]"
Trousers,Train,0.37991154427158697,0.32350230414746545,"[79, 73, 31]"
Trousers,Train,0.9995114965618165,0.9467162329615861,"[155, 49, 87]"
Trousers,Train,0.5873186892663378,0.5591054313099042,"[173, 145, 135]"
Trousers,Train,0.6583577991558499,0.6747572815533981,"[186, 127, 207]"
Trousers,Train,0.9996015255916294,0.9588336192109777,"[233, 229, 255]"
Trousers,Train,0.9993012980458499,0.9619433198380567,"[253, 255, 255]"
Trousers,Train,0.5836025456749225,0.5844444444444444,"[197, 123, 255]"
Trousers,Train,0.9993032283234017,0.9541108986615678,"[185, 198, 163]"
Trousers,Train,0.4585659280025023,0.45016722408026755,"[195, 179, 118]"
Trousers,Train,0.544296846116515,0.5427728613569321,"[104, 96, 97]"
Trousers,Train,0.4511047038392948,0.4587092297015961,"[185, 126, 206]"
Trousers,Train,1.0,0.9526627218934911,"[57, 57, 57]"
Trousers,Train,0.9998298698024854,0.9572836801752465,"[201, 255, 255]"
Trousers,Train,0.5680144559904071,0.5366568914956011,"[107, 103, 98]"
Trousers,Train,0.498087793194557,0.5017084282460137,"[151, 190, 162]"
Trousers,Train,0.478612433017501,0.48802190280629704,"[167, 178, 147]"
Trousers,Train,0.4433339782160643,0.44525547445255476,"[172, 192, 192]"
Trousers,Train,0.9994261536100238,0.9535304767652384,"[59, 55, 58]"
Trousers,Train,0.46418793333614033,0.4561290322580645,"[171, 183, 151]"
Trousers,Train,0.4062060540903764,0.4079861111111111,"[116, 65, 143]"
Trousers,Train,0.9995145480294746,0.9640427599611273,"[117, 109, 109]"
Trousers,Train,1.0,0.9518518518518518,"[255, 188, 255]"
Trousers,Train,0.49294813410247923,0.49044585987261147,"[104, 255, 250]"
Trousers,Train,0.5332548023321153,0.5320648343904157,"[253, 251, 252]"
Trousers,Train,1.0,0.9826489300173511,"[107, 71, 187]"
Trousers,Train,0.5039712079395497,0.4865794907088782,"[156, 141, 151]"
Trousers,Train,0.9994654790709927,0.9715817694369974,"[229, 171, 228]"
Trousers,Train,0.5576303872418873,0.5327433628318584,"[112, 108, 103]"
Trousers,Train,0.6273024371929029,0.5947456679709335,"[179, 200, 200]"
Trousers,Train,0.5949757647732336,0.6011994002998501,"[250, 214, 240]"
Trousers,Train,0.727995691402297,0.6038592508513053,"[192, 194, 186]"
Trousers,Train,0.600532100408668,0.586046511627907,"[255, 81, 206]"
Trousers,Train,0.4302365858534803,0.42340686274509803,"[51, 47, 50]"
Trousers,Train,0.9998583426110741,0.972432804962095,"[196, 134, 218]"
Trousers,Train,0.4411107003445773,0.41487603305785126,"[253, 149, 127]"
Trousers,Train,0.6062699680408602,0.5973793924955331,"[237, 254, 237]"
Trousers,Train,0.9996102545333372,0.9587628865979382,"[255, 164, 139]"
Trousers,Train,0.9999174646418411,0.9694100509832484,"[255, 255, 253]"
Trousers,Train,0.5037109483276367,0.48696383515559294,"[67, 21, 83]"
Trousers,Train,0.493978671332106,0.47281612706169823,"[241, 238, 239]"
Trousers,Train,0.5792292676776667,0.5508021390374331,"[138, 124, 140]"
Trousers,Train,0.45505426150754347,0.45454545454545453,"[244, 170, 252]"
Trousers,Train,0.44426109512342465,0.43149946062567424,"[214, 160, 214]"
Trousers,Train,0.998346051868984,0.9535573122529645,"[96, 95, 95]"
Trousers,Train,1.0,0.9738260200153964,"[255, 255, 101]"
Trousers,Train,1.0,0.9407281964436918,"[163, 128, 164]"
Trousers,Train,0.5788271438146548,0.5761670761670762,"[144, 159, 186]"
Trousers,Train,0.999657240114275,0.9788972089857045,"[185, 198, 164]"
Trousers,Train,0.9996757155661117,0.974025974025974,"[166, 151, 161]"
Trousers,Train,0.4810840593257975,0.425065274151436,"[215, 118, 102]"
Trousers,Train,1.0,0.9837078651685394,"[121, 255, 255]"
Trousers,Train,0.5466336645447188,0.543223647518126,"[181, 255, 236]"
Trousers,Train,0.5431069020583671,0.5215686274509804,"[180, 202, 202]"
Trousers,Train,0.5805100052765537,0.564217610768368,"[115, 251, 255]"
Trousers,Train,0.5551749630970013,0.518109269490485,"[55, 50, 53]"
Trousers,Train,0.515870303554274,0.4826283987915408,"[249, 203, 253]"
Trousers,Train,0.9986744833296065,0.9521791767554479,"[59, 55, 58]"
Trousers,Train,0.7053071747720046,0.6326409495548961,"[254, 253, 253]"
Trousers,Train,1.0,0.975355969331873,"[181, 83, 150]"
Trousers,Train,0.9970185371456355,0.9770408163265306,"[188, 158, 147]"
Trousers,Train,0.9998636111593301,0.9524128686327078,"[185, 198, 164]"
Trousers,Train,0.4591693952720339,0.4287425149700599,"[190, 191, 184]"
Trousers,Train,1.0,0.9626373626373627,"[201, 255, 255]"
Trousers,Train,0.5515267147934113,0.511340206185567,"[158, 143, 154]"
Trousers,Train,0.9997461014100004,0.9745850622406639,"[228, 126, 109]"
Trousers,Train,1.0,0.9680851063829787,"[219, 255, 252]"
Trousers,Train,0.5446610572594409,0.5043712172158709,"[254, 252, 139]"
Trousers,Train,1.0,0.9601476014760147,"[255, 217, 255]"
Trousers,Train,1.0,0.9656675749318802,"[228, 196, 255]"
Trousers,Train,0.3655652252765993,0.3779585798816568,"[252, 232, 213]"
Trousers,Train,0.525057360181342,0.4857142857142857,"[233, 219, 200]"
Trousers,Train,0.5706647503430845,0.5318237454100367,"[249, 246, 230]"
Trousers,Train,0.4622068483288772,0.46102075154234434,"[170, 190, 190]"
Trousers,Train,0.7031160094165505,0.6063829787234043,"[178, 191, 157]"
Trousers,Train,1.0,0.9553420011305822,"[126, 71, 155]"
Trousers,Train,0.9996733052040194,0.9752577319587629,"[196, 134, 218]"
Trousers,Train,1.0,0.9832078749276202,"[107, 71, 186]"
Trousers,Train,0.7049784037632884,0.4828797190517998,"[91, 90, 90]"
Trousers,Train,1.0,0.966931216931217,"[255, 255, 152]"
Trousers,Train,0.564327426411122,0.5291916167664671,"[251, 216, 241]"
Trousers,Train,0.9999290701969207,0.9545208446128858,"[255, 164, 139]"
Trousers,Train,1.0,0.9684507042253521,"[255, 243, 255]"
Trousers,Train,0.4420292027424474,0.437066974595843,"[117, 66, 144]"
Trousers,Train,0.5160185727182871,0.49382716049382713,"[175, 196, 196]"
Trousers,Train,1.0,0.96,"[255, 255, 255]"
Trousers,Train,0.5780274909771206,0.541970802919708,"[144, 159, 186]"
Trousers,Train,0.42250102197073186,0.4340057636887608,"[114, 64, 141]"
Trousers,Train,0.43328052190751,0.42896627971254836,"[205, 176, 241]"
Trousers,Train,1.0,0.9630512514898689,"[250, 255, 251]"
Trousers,Train,0.7340864212522853,0.6924219910846954,"[203, 127, 255]"
Trousers,Train,0.6129076232478269,0.21375186846038863,"[178, 111, 247]"
Trousers,Train,0.9991206857586384,0.9802186361270172,"[228, 126, 109]"
Trousers,Train,1.0,0.9849119865884325,"[73, 24, 91]"
Trousers,Train,0.5212016363289171,0.49633699633699635,"[254, 251, 254]"
Trousers,Train,0.3760394709367024,0.37971175166297116,"[214, 183, 251]"
Trousers,Train,1.0,0.9571583514099783,"[181, 83, 150]"
Trousers,Train,0.673788304202476,0.2539964476021314,"[119, 168, 171]"
Trousers,Train,0.5178759983026983,0.5126396237507349,"[99, 62, 68]"
Trousers,Train,0.9990064472676956,0.9772863120143455,"[250, 255, 251]"
Trousers,Train,0.6364341315306455,0.6025288620120945,"[201, 198, 254]"
Trousers,Train,0.9991085050120331,0.9595567867036011,"[190, 213, 213]"
Trousers,Train,0.9998526158136444,0.972530683810637,"[255, 255, 230]"
Trousers,Train,0.6791081695051074,0.6764922623434045,"[208, 130, 255]"
Trousers,Train,0.9991942264417661,0.9419014084507042,"[204, 206, 198]"
Trousers,Train,1.0,0.9692154915590864,"[96, 95, 95]"
Trousers,Train,0.5152327500980621,0.4930264993026499,"[241, 223, 176]"
Trousers,Train,0.6111669184112247,0.6338797814207651,"[175, 187, 155]"
Trousers,Train,0.4767177311932588,0.4811946902654867,"[206, 177, 243]"
Trousers,Train,1.0,0.979702300405954,"[185, 198, 163]"
Trousers,Train,0.5124687202518012,0.528892455858748,"[169, 255, 249]"
Trousers,Train,1.0,0.9569832402234637,"[157, 198, 168]"
Trousers,Train,0.9989368978040642,0.9522760646108663,"[255, 227, 254]"
Trousers,Train,0.9998001633163607,0.9924585218702866,"[255, 187, 255]"
Trousers,Train,0.5192110482572188,0.5030203185063152,"[210, 207, 216]"
Trousers,Train,0.8397716279903024,0.580327868852459,"[230, 223, 224]"
Trousers,Train,0.5486236612692607,0.511768661735037,"[158, 143, 153]"
Trousers,Train,0.6769515966848807,0.6666666666666666,"[255, 255, 241]"
Trousers,Train,1.0,0.9701327433628318,"[201, 255, 255]"
Trousers,Train,0.9992153641183915,0.9722901385493072,"[253, 255, 255]"
Trousers,Train,0.998368708032919,0.9514457174031642,"[255, 240, 219]"
Trousers,Train,1.0,0.9554234769687965,"[255, 188, 255]"
Trousers,Train,0.5385886693524538,0.5273279352226721,"[225, 231, 218]"
Trousers,Train,0.5218835187699367,0.5187376725838264,"[107, 99, 99]"
Trousers,Train,0.43763306722509426,0.43980848153214774,"[175, 188, 155]"
Trousers,Train,0.46061911234312486,0.4604409857328145,"[170, 182, 151]"
Trousers,Train,0.4619514213507999,0.4407612031921424,"[249, 246, 229]"
Trousers,Train,0.5349897550207282,0.5299506694855532,"[251, 249, 250]"
Trousers,Train,0.44934043294211007,0.4286581663630844,"[224, 242, 224]"
Trousers,Train,0.6957792403132782,0.6444814198557959,"[189, 255, 245]"
Trousers,Train,0.5042402057764622,0.5069686411149826,"[55, 255, 91]"
Trousers,Train,0.9988724037430314,0.9759615384615384,"[78, 80, 160]"
Trousers,Train,0.523157791682899,0.5155502392344498,"[224, 212, 216]"
Trousers,Train,0.5412334953166579,0.5381330079316656,"[255, 251, 254]"
Trousers,Train,0.997544692710861,0.9586656997824511,"[255, 255, 253]"
Trousers,Train,0.47667266440995526,0.49052312357846856,"[223, 223, 254]"
Trousers,Train,0.9992803630276531,0.972504482964734,"[204, 206, 198]"
Trousers,Train,0.9983237129088374,0.9348314606741573,"[255, 255, 102]"
Trousers,Train,0.4995092485683344,0.5057540884312538,"[254, 246, 252]"
Trousers,Train,0.9992812999274876,0.9594694178334562,"[255, 227, 254]"
Trousers,Train,0.9992819440464987,0.9748538011695906,"[104, 65, 71]"
Trousers,Train,0.54423108182834,0.4617737003058104,"[146, 46, 82]"
Trousers,Train,1.0,0.9544603867747973,"[115, 255, 255]"
Trousers,Val,0.4386712305238903,0.43284493284493286,"[255, 251, 254]"
Trousers,Val,0.9971644255190446,0.944121915820029,"[102, 99, 102]"
Trousers,Val,1.0,0.9441565918249856,"[255, 255, 230]"
Trousers,Val,0.6823392698560092,0.28225806451612906,"[173, 255, 254]"
Trousers,Val,1.0,0.9461358313817331,"[76, 255, 107]"
Trousers,Val,0.6498362595114356,0.6313333333333333,"[205, 189, 124]"
Trousers,Val,0.4803149654914854,0.48484848484848486,"[224, 230, 218]"
Trousers,Val,0.5070263074868216,0.5067369654364382,"[96, 60, 65]"
Trousers,Val,0.5407053791558627,0.4956772334293948,"[97, 61, 66]"
Trousers,Val,1.0,0.9418604651162791,"[212, 133, 255]"
Trousers,Eval,0.4386755654956671,0.43284493284493286,"[255, 251, 254]"
Trousers,Eval,0.9970195798210958,0.9455732946298984,"[102, 99, 102]"
Trousers,Eval,1.0,0.9441565918249856,"[255, 255, 230]"
Trousers,Eval,0.6824262059967583,0.28225806451612906,"[173, 255, 254]"
Trousers,Eval,1.0,0.9461673493270919,"[76, 255, 107]"
Trousers,Eval,0.6503899403751968,0.6317545030020013,"[205, 188, 124]"
Trousers,Eval,0.48036539706405523,0.48484848484848486,"[225, 231, 219]"
Trousers,Eval,0.5070430673258047,0.5067369654364382,"[95, 60, 65]"
Trousers,Eval,0.5407600118378463,0.4956772334293948,"[97, 61, 66]"
Trousers,Eval,1.0,0.9418604651162791,"[212, 133, 255]"
Trousers,Eval,0.9991670174613003,0.9615160349854227,"[104, 65, 71]"
Trousers,Eval,0.5594630997445714,0.5522807017543859,"[254, 253, 253]"
Trousers,Eval,0.5749759457828543,0.5651658767772512,"[185, 174, 173]"
Trousers,Eval,0.6207333214711294,0.29016120066703727,"[188, 213, 205]"
Trousers,Eval,0.6099641454138784,0.6011777301927195,"[218, 163, 218]"
Trousers,Eval,0.7679004986570943,0.6898364485981309,"[242, 255, 242]"
Trousers,Eval,0.56110556490826,0.564659977703456,"[188, 255, 244]"
Trousers,Eval,0.532498197134018,0.5251330573625074,"[109, 104, 100]"
Trousers,Eval,0.5732748627872714,0.542572463768116,"[83, 77, 33]"
Trousers,Eval,0.4597050558995299,0.45406626506024095,"[247, 212, 238]"
Trousers,Eval,0.48251838738134906,0.47278911564625853,"[145, 182, 155]"
Trousers,Eval,1.0,0.973919523099851,"[238, 230, 231]"
Trousers,Eval,0.6043209423426571,0.5899122807017544,"[217, 214, 223]"
Trousers,Eval,0.7466416912457197,0.6475270039795338,"[235, 223, 227]"
Trousers,Eval,0.5257303241293657,0.5328317373461012,"[168, 180, 148]"
Trousers,Eval,0.9991616104231609,0.940625,"[221, 255, 255]"
Trousers,Eval,0.5235077019683928,0.4948328267477204,"[250, 248, 249]"
Trousers,Eval,0.9999887434352119,0.9525205158264948,"[219, 254, 251]"
Trousers,Eval,0.6663383935860914,0.6162790697674418,"[108, 101, 101]"
Trousers,Eval,0.9998032291842802,0.9566955363091273,"[212, 255, 240]"
Skirt,Train,0.69680803453604,0.6812881732370905,"[253, 240, 255]"
Skirt,Train,0.5957573425817368,0.2963813900057438,"[75, 59, 65]"
Skirt,Train,0.5726770870969387,0.5448057097541633,"[145, 184, 138]"
Skirt,Train,0.6018483335082981,0.5643170051772203,"[146, 184, 138]"
Skirt,Train,0.4617761163811512,0.4738355376653249,"[79, 62, 68]"
Skirt,Train,0.9906113224238924,0.9730799683293745,"[20, 20, 18]"
Skirt,Train,0.5067143684733842,0.49645390070921985,"[226, 250, 241]"
Skirt,Train,0.552040860888171,0.45918832649338803,"[217, 203, 222]"
Skirt,Train,0.6039419720876851,0.6129956999522217,"[255, 254, 235]"
Skirt,Train,0.4265157673764214,0.29375,"[131, 149, 86]"
Skirt,Train,0.5116504847424439,0.4639081848384174,"[184, 194, 189]"
Skirt,Train,0.5223530378788944,0.5209150326797386,"[255, 199, 255]"
Skirt,Train,0.4509864648790691,0.4248662000823384,"[222, 175, 248]"
Skirt,Train,0.46494713917155484,0.451042076287849,"[111, 60, 63]"
Skirt,Train,0.9973238817527739,0.966984126984127,"[35, 40, 46]"
Skirt,Train,0.4706039308198956,0.3146503884572697,"[181, 130, 155]"
Skirt,Train,0.9998295909818082,0.9780594831789371,"[124, 134, 145]"
Skirt,Train,0.4448869428161841,0.40936126196017586,"[105, 77, 57]"
Skirt,Train,1.0,0.9823529411764705,"[156, 149, 112]"
Skirt,Train,0.4452325176902742,0.4203770557561171,"[211, 156, 90]"
Skirt,Train,0.6964723465670147,0.15594059405940594,"[236, 222, 178]"
Skirt,Train,0.6496539259761356,0.6174536760310819,"[225, 209, 142]"
Skirt,Train,0.6438277747626522,0.36689930209371885,"[158, 202, 145]"
Skirt,Train,0.690486122116035,0.6947735191637631,"[75, 97, 130]"
Skirt,Train,0.7202035973242183,0.6771378708551483,"[229, 253, 245]"
Skirt,Train,0.539403940375786,0.5243351731058705,"[148, 190, 136]"
Skirt,Train,0.4867872631001731,0.5014039310068191,"[213, 157, 90]"
Skirt,Train,0.6460624540494035,0.6227308602999211,"[234, 210, 211]"
Skirt,Train,1.0,0.975441023867174,"[255, 255, 238]"
Skirt,Train,0.36400811462866395,0.3399818676337262,"[177, 186, 181]"
Skirt,Train,0.5550950553443995,0.520851818988465,"[240, 255, 254]"
Skirt,Train,1.0,0.9781068898905344,"[255, 213, 255]"
Skirt,Train,0.9981457298734556,0.9645569620253165,"[36, 40, 46]"
Skirt,Train,0.4602650484424057,0.43914473684210525,"[226, 178, 252]"
Skirt,Train,0.4885479754481504,0.47249647390691113,"[70, 90, 122]"
Skirt,Train,0.7689163302245128,0.7581808097615086,"[183, 131, 156]"
Skirt,Train,0.9973823082313624,0.9654929577464789,"[196, 245, 96]"
Skirt,Train,0.3513299307852137,0.3335354760460885,"[181, 190, 185]"
Skirt,Train,0.8401725786828899,0.7441860465116279,"[104, 92, 95]"
Skirt,Train,0.6436071719100014,0.3942969518190757,"[117, 127, 138]"
Skirt,Train,0.7093014226566875,0.692429022082019,"[181, 109, 238]"
Skirt,Train,0.6628476222096803,0.12785191562634524,"[255, 151, 177]"
Skirt,Train,0.5659260973873851,0.4757246376811594,"[137, 95, 129]"
Skirt,Train,0.45974101652235383,0.44093959731543625,"[226, 243, 234]"
Skirt,Train,0.47584697425987715,0.4448742746615087,"[226, 176, 178]"
Skirt,Train,0.7051039519267889,0.5775269872423945,"[113, 123, 133]"
Skirt,Train,0.7336917820654338,0.5140806184428492,"[251, 237, 255]"
Skirt,Train,0.5145195848448864,0.4950806768988587,"[115, 63, 66]"
Skirt,Train,0.622627769191893,0.632201646090535,"[159, 134, 155]"
Skirt,Train,0.6696912244839704,0.39197930142302717,"[229, 179, 181]"
Skirt,Train,0.9975817712669223,0.9845605700712589,"[238, 221, 150]"
Skirt,Train,0.7763334356491144,0.7636967349197565,"[246, 231, 253]"
Skirt,Train,0.5634174899831578,0.5481878088962109,"[237, 187, 255]"
Skirt,Train,1.0,0.9657142857142857,"[242, 188, 191]"
Skirt,Train,0.9936662108345211,0.9706931702344547,"[114, 83, 62]"
Skirt,Train,0.9964590361269526,0.984812529663028,"[255, 255, 244]"
Skirt,Train,0.9994472042748079,0.9791962174940898,"[255, 255, 244]"
Skirt,Train,0.9844938264759587,0.9759903961584634,"[192, 202, 197]"
Skirt,Train,0.9987459975439618,0.9801526717557252,"[165, 140, 161]"
Skirt,Train,0.5273562648431764,0.5218140068886338,"[78, 61, 67]"
Skirt,Train,1.0,0.9788074712643678,"[142, 99, 134]"
Skirt,Train,0.5137662293533087,0.48474855729596045,"[231, 182, 254]"
Skirt,Train,0.5042504867041921,0.48246913580246914,"[218, 205, 165]"
Skirt,Train,0.7897280469199521,0.7705914870093975,"[251, 236, 255]"
Skirt,Train,0.4965928477563646,0.4979652238253792,"[105, 77, 109]"
Skirt,Train,0.6959849021209159,0.6629769880570929,"[185, 194, 189]"
Skirt,Train,1.0,0.9725500960746637,"[144, 130, 146]"
Skirt,Train,0.46872391020745435,0.444794952681388,"[240, 216, 217]"
Skirt,Train,0.6502619932427666,0.5619791666666667,"[228, 227, 163]"
Skirt,Train,0.46137432591146754,0.4433281004709576,"[184, 183, 231]"
Skirt,Train,0.5538300684075327,0.5403957131079967,"[236, 187, 255]"
Skirt,Train,0.6658136667062751,0.6512118018967334,"[182, 110, 240]"
Skirt,Train,0.9998308881852956,0.9695203944419543,"[229, 214, 234]"
Skirt,Train,0.6158976650761204,0.4948905109489051,"[155, 131, 151]"
Skirt,Train,1.0,0.7797487065779749,"[106, 94, 97]"
Skirt,Train,0.5310107730240454,0.5093002657218778,"[254, 117, 255]"
Skirt,Train,1.0,0.7544326241134752,"[103, 91, 94]"
Skirt,Train,0.9979400259275983,0.9653145208700764,"[237, 220, 150]"
Skirt,Train,0.5790763638667562,0.5703971119133574,"[103, 91, 94]"
Skirt,Train,0.5760197716642411,0.5512082853855006,"[79, 62, 68]"
Skirt,Train,0.34991898925718623,0.34187796043466145,"[139, 125, 140]"
Skirt,Train,0.6235646173608108,0.5762790697674418,"[181, 181, 196]"
Skirt,Train,0.9992007441513658,0.9872367581365666,"[36, 40, 46]"
Skirt,Train,1.0,0.9618406285072951,"[84, 66, 72]"
Skirt,Train,0.5258470617978327,0.5128617363344051,"[214, 158, 91]"
Skirt,Train,0.6304274024819229,0.3856697819314642,"[151, 172, 99]"
Skirt,Train,0.5782103710910581,0.5370919881305638,"[228, 215, 172]"
Skirt,Train,1.0,0.9805163175840234,"[123, 134, 145]"
Skirt,Train,1.0,0.9914712153518124,"[231, 70, 177]"
Skirt,Train,0.4121591230195364,0.40879360465116277,"[136, 94, 128]"
Skirt,Train,0.5832621640586583,0.5685149776927979,"[35, 39, 45]"
Skirt,Train,0.6357849874128663,0.4259077526987242,"[255, 255, 254]"
Skirt,Train,0.9968675458374153,0.978702807357212,"[255, 255, 255]"
Skirt,Train,0.9905502607073265,0.9752577319587629,"[191, 115, 251]"
Skirt,Train,0.5568343778992048,0.5243722304283605,"[113, 122, 133]"
Skirt,Train,1.0,0.9782082324455206,"[213, 211, 211]"
Skirt,Train,0.9942546202305952,0.9772639691714836,"[214, 221, 158]"
Skirt,Train,0.3943062369548967,0.371957864148202,"[132, 92, 124]"
Skirt,Train,1.0,0.9771225216065074,"[39, 198, 131]"
Skirt,Train,1.0,0.9642663779101245,"[255, 245, 255]"
Skirt,Train,1.0,0.9881136950904392,"[246, 245, 176]"
Skirt,Train,0.6769694670529712,0.6447368421052632,"[255, 255, 254]"
Skirt,Train,1.0,0.9708290685772774,"[246, 245, 176]"
Skirt,Train,0.7505866294992094,0.1848013816925734,"[77, 60, 66]"
Skirt,Train,0.577631971940794,0.5427375971309025,"[213, 199, 218]"
Skirt,Train,0.4082013120179444,0.39334521687462864,"[206, 191, 130]"
Skirt,Train,0.6574738929939781,0.14063745019920318,"[135, 171, 128]"
Skirt,Train,0.6046257083778613,0.5508505247918929,"[136, 95, 128]"
Skirt,Train,0.9978895117068346,0.968508997429306,"[255, 213, 255]"
Skirt,Train,1.0,0.9882425742574258,"[160, 183, 106]"
Skirt,Train,0.6527512577717849,0.6417624521072797,"[230, 179, 181]"
Skirt,Train,0.5133908378217635,0.45267224726336125,"[33, 37, 42]"
Skirt,Train,0.5903183270959836,0.19925512104283055,"[176, 164, 180]"
Skirt,Train,0.4266147991639072,0.4144789180588703,"[146, 139, 105]"
Skirt,Train,0.793007148890888,0.743746809596733,"[161, 136, 157]"
Skirt,Train,0.47349741584029986,0.465705378020265,"[195, 201, 144]"
Skirt,Train,0.5589164936886526,0.5323846908734053,"[255, 253, 251]"
Skirt,Train,0.7066334452128988,0.687847498014297,"[146, 185, 138]"
Skirt,Train,0.643255772103858,0.6313678299237866,"[19, 19, 17]"
Skirt,Train,0.38507300516841825,0.28414442700156983,"[187, 186, 235]"
Skirt,Train,1.0,0.9594375338020552,"[255, 244, 255]"
Skirt,Train,0.9957024638897666,0.9666666666666667,"[153, 194, 145]"
Skirt,Train,0.5248385104631889,0.4008372579801151,"[185, 112, 244]"
Skirt,Train,0.5880337079906774,0.5752388535031847,"[142, 180, 135]"
Skirt,Train,0.41485068797545066,0.415061295971979,"[247, 253, 217]"
Skirt,Train,0.46927168069985886,0.44793713163064836,"[116, 125, 136]"
Skirt,Train,0.6352624904266572,0.2710843373493976,"[160, 206, 148]"
Skirt,Train,1.0,0.8347622759158223,"[106, 93, 96]"
Skirt,Train,1.0,0.9853128991060025,"[36, 40, 46]"
Skirt,Train,0.9993033976717509,0.9796149490373726,"[84, 66, 72]"
Skirt,Train,0.9911534951311313,0.9716944552151997,"[123, 67, 70]"
Skirt,Train,0.6915421220432725,0.6774839743589743,"[221, 163, 94]"
Skirt,Train,0.6187969162006034,0.5555555555555556,"[219, 204, 224]"
Skirt,Train,0.4789155057369754,0.4716510903426791,"[143, 164, 94]"
Skirt,Train,0.9964275025878608,0.975346687211094,"[214, 221, 158]"
Skirt,Train,0.5949489332936927,0.5872323552735924,"[142, 179, 134]"
Skirt,Train,0.5386067035401065,0.30903790087463556,"[232, 248, 239]"
Skirt,Train,1.0,0.9878716744913928,"[250, 225, 225]"
Skirt,Train,0.5830437906478095,0.5507361719060884,"[147, 141, 106]"
Skirt,Train,1.0,0.9660919540229885,"[248, 255, 255]"
Skirt,Train,0.5750312221880435,0.5576309794988611,"[217, 203, 222]"
Skirt,Train,0.555364506145645,0.5509933774834437,"[255, 119, 255]"
Skirt,Train,1.0,0.9756880733944954,"[191, 190, 207]"
Skirt,Train,0.5803412053572322,0.5564053537284895,"[253, 243, 224]"
Skirt,Train,0.4736215493627528,0.1712564543889845,"[253, 148, 174]"
Skirt,Train,0.4990188672504635,0.5015706806282723,"[181, 109, 238]"
Skirt,Train,0.7126812746365452,0.34308617234468936,"[213, 157, 90]"
Skirt,Train,0.8530664210979714,0.830028328611898,"[224, 67, 171]"
Skirt,Train,0.9908771902358083,0.9788897576231431,"[123, 67, 70]"
Skirt,Train,0.5926566612187492,0.5900954653937948,"[216, 202, 222]"
Skirt,Train,1.0,0.9778578784757982,"[246, 246, 176]"
Skirt,Train,0.47355834035304384,0.46115702479338844,"[229, 181, 254]"
Skirt,Train,0.6837825700483658,0.5243838489774515,"[180, 109, 238]"
Skirt,Train,0.541963828303714,0.5333575054387237,"[139, 97, 130]"
Skirt,Train,0.5802944875900955,0.5665378244064053,"[245, 230, 252]"
Skirt,Train,0.6377418136259699,0.4370240187463386,"[226, 242, 233]"
Skirt,Train,0.6399128758822611,0.5240753663642708,"[74, 95, 128]"
Skirt,Train,1.0,0.974757281553398,"[123, 134, 145]"
Skirt,Train,0.5617885615259507,0.5460992907801419,"[235, 211, 211]"
Skirt,Train,0.3321263090777171,0.3269307723089236,"[136, 129, 97]"
Skirt,Train,0.9987505430373173,0.9878917378917379,"[197, 246, 96]"
Skirt,Train,1.0,0.9693842449260406,"[255, 255, 238]"
Skirt,Train,0.9966942734214174,0.9756410256410256,"[114, 83, 62]"
Skirt,Train,0.6245338447274631,0.5946696279844531,"[177, 127, 151]"
Skirt,Train,0.49752949347716924,0.28801331853496115,"[174, 125, 149]"
Skirt,Train,0.5177645866563348,0.49324324324324326,"[145, 183, 137]"
Skirt,Train,0.6680769481135426,0.13906633906633906,"[119, 128, 139]"
Skirt,Train,1.0,0.9616087751371115,"[160, 183, 106]"
Skirt,Train,0.5683607893254002,0.5239160839160839,"[140, 126, 141]"
Skirt,Train,0.5811256718806679,0.5350842806742454,"[19, 18, 17]"
Skirt,Train,0.5498892959380501,0.5279025016035921,"[222, 172, 174]"
Skirt,Train,0.4627865443682766,0.4046875,"[229, 228, 164]"
Skirt,Train,0.5720693915067815,0.4852835606604451,"[182, 227, 89]"
Skirt,Train,0.9992758811239467,0.9712041884816754,"[255, 127, 255]"
Skirt,Train,0.5148125536109116,0.47421875,"[109, 79, 59]"
Skirt,Train,0.6272124673845358,0.6150271107668474,"[203, 210, 150]"
Skirt,Train,0.9949651781990659,0.9733810091378625,"[20, 20, 18]"
Skirt,Train,0.6633088084714854,0.6753599565335506,"[141, 127, 142]"
Skirt,Train,0.8120767164782899,0.8035420098846787,"[239, 189, 255]"
Skirt,Train,0.9907575717115409,0.9806400632161201,"[152, 193, 144]"
Skirt,Train,0.4179100733819403,0.4002505480739117,"[186, 185, 234]"
Skirt,Train,0.5335792108236732,0.36351531291611183,"[252, 115, 255]"
Skirt,Train,0.9189285108943952,0.8111888111888111,"[233, 255, 248]"
Skirt,Train,0.55491464157524,0.5474499677211104,"[217, 169, 171]"
Skirt,Train,0.5038928277951014,0.45584725536992843,"[218, 202, 137]"
Skirt,Train,0.5101367327302675,0.5123634272570443,"[75, 59, 65]"
Skirt,Train,0.4425263409458078,0.35157972079353417,"[101, 74, 105]"
Skirt,Train,1.0,0.963984243106359,"[84, 66, 72]"
Skirt,Train,0.5678065421290442,0.5684969495285636,"[184, 132, 157]"
Skirt,Train,0.5317556426218639,0.5275807722616234,"[115, 62, 66]"
Skirt,Train,0.9897109892234673,0.9734355044699873,"[114, 83, 62]"
Skirt,Train,0.4328054638056846,0.41883454734651404,"[235, 234, 168]"
Skirt,Train,0.4289269314595329,0.39805825242718446,"[192, 198, 142]"
Skirt,Train,0.6552778721207969,0.6548672566371682,"[229, 228, 164]"
Skirt,Train,0.5220891175598801,0.5165141265419817,"[145, 183, 137]"
Skirt,Train,0.8895659885494251,0.7938864628820961,"[103, 91, 94]"
Skirt,Train,1.0,0.979890310786106,"[214, 211, 211]"
Skirt,Train,0.8193981369368106,0.6454491374182034,"[35, 39, 44]"
Skirt,Train,0.4752297433987455,0.4608021877848678,"[219, 204, 224]"
Skirt,Train,0.4786925942390046,0.4838505383153895,"[182, 179, 180]"
Skirt,Val,0.6966200486909742,0.6809100998890122,"[253, 240, 255]"
Skirt,Val,0.5952416877671476,0.29621125143513205,"[75, 59, 65]"
Skirt,Val,0.5726924774052168,0.5448057097541633,"[145, 184, 138]"
Skirt,Val,0.6018774865679324,0.5643170051772203,"[146, 184, 138]"
Skirt,Val,0.46172645803299406,0.4732912119471568,"[79, 62, 68]"
Skirt,Val,0.9910701078518942,0.9730799683293745,"[20, 20, 18]"
Skirt,Val,0.5069525196867629,0.49777777777777776,"[226, 250, 241]"
Skirt,Val,0.5520687789459149,0.45856102003642984,"[217, 203, 222]"
Skirt,Val,0.6039036940037185,0.6129956999522217,"[255, 254, 235]"
Skirt,Val,0.4264128781809597,0.29356652092442226,"[131, 149, 86]"
Skirt,Eval,0.6967718194751237,0.6809100998890122,"[253, 240, 255]"
Skirt,Eval,0.5952198677164476,0.29621125143513205,"[75, 59, 65]"
Skirt,Eval,0.5723484218280528,0.5448057097541633,"[145, 184, 138]"
Skirt,Eval,0.6018461201797543,0.5645418326693227,"[146, 184, 138]"
Skirt,Eval,0.4617813133397271,0.4738355376653249,"[79, 62, 68]"
Skirt,Eval,0.9906347275758256,0.9730799683293745,"[20, 20, 18]"
Skirt,Eval,0.5069601316814775,0.4968944099378882,"[226, 250, 241]"
Skirt,Eval,0.5520091760712139,0.45876993166287017,"[217, 203, 222]"
Skirt,Eval,0.6043890571019702,0.6129956999522217,"[255, 254, 235]"
Skirt,Eval,0.4264589501591896,0.29356652092442226,"[131, 149, 86]"
Skirt,Eval,0.5126426777662181,0.46503178928247046,"[184, 193, 189]"
Skirt,Eval,0.522330127818851,0.5209150326797386,"[255, 199, 255]"
Skirt,Eval,0.4508231471937407,0.4248662000823384,"[222, 175, 248]"
Skirt,Eval,0.4651452953419591,0.45086477987421386,"[111, 60, 63]"
Skirt,Eval,0.9977496966835744,0.966984126984127,"[35, 40, 46]"
Skirt,Eval,0.47059854433120446,0.3144758735440932,"[181, 130, 155]"
Skirt,Eval,0.9998012227489407,0.977571916138469,"[124, 134, 145]"
Skirt,Eval,0.444979582049053,0.4092554291623578,"[105, 77, 57]"
Skirt,Eval,1.0,0.9823529411764705,"[156, 149, 112]"
Skirt,Eval,0.4454056489266689,0.420545746388443,"[211, 156, 90]"
Skirt,Eval,0.6963798763609702,0.15594059405940594,"[236, 222, 178]"
Skirt,Eval,0.649532602857825,0.6174536760310819,"[226, 209, 142]"
Skirt,Eval,0.6437195716786678,0.36689930209371885,"[158, 202, 145]"
Skirt,Eval,0.6902496189139636,0.6947735191637631,"[75, 97, 130]"
Skirt,Eval,0.7202426017431204,0.6765475152571927,"[229, 253, 245]"
Skirt,Eval,0.5393470702512457,0.5248618784530387,"[148, 190, 136]"
Skirt,Eval,0.48688030481124045,0.5014039310068191,"[213, 157, 90]"
Skirt,Eval,0.6460616397762077,0.6224852071005917,"[234, 210, 211]"
Skirt,Eval,1.0,0.9761328260117607,"[255, 255, 238]"
Skirt,Eval,0.36379698665205923,0.33987915407854985,"[177, 186, 181]"
Dress,Train,0.6288077602857327,0.6159460976979225,"[111, 130, 153]"
Dress,Train,0.62196578528096,0.6210423770092548,"[131, 131, 132]"
Dress,Train,0.5824667152118709,0.557843137254902,"[128, 128, 129]"
Dress,Train,0.6775725000656233,0.6747703943814155,"[195, 255, 217]"
Dress,Train,0.5840147802277947,0.5770631067961165,"[130, 197, 215]"
Dress,Train,0.6457209062317152,0.49784791965566716,"[255, 238, 185]"
Dress,Train,0.8273803188907823,0.7192681532304174,"[255, 255, 255]"
Dress,Train,0.5183980010449366,0.5305010893246187,"[69, 48, 59]"
Dress,Train,0.549391527595552,0.5563124432334242,"[93, 193, 253]"
Dress,Train,0.6804512975039275,0.6981566820276498,"[234, 255, 238]"
Dress,Train,0.6389987596158698,0.6173228346456693,"[116, 255, 186]"
Dress,Train,0.5412359816918444,0.5051144666341939,"[131, 131, 132]"
Dress,Train,0.8828196074047844,0.8168819188191881,"[127, 121, 95]"
Dress,Train,0.673804579597165,0.40514469453376206,"[255, 165, 202]"
Dress,Train,0.707548848575863,0.7120387174833636,"[131, 198, 216]"
Dress,Train,0.4570458661335734,0.4535367545076283,"[175, 118, 168]"
Dress,Train,0.8154233631944781,0.7537826685006878,"[123, 112, 124]"
Dress,Train,0.5990996995936676,0.5868385345997287,"[232, 255, 237]"
Dress,Train,0.40246479520974576,0.07566137566137567,"[44, 31, 38]"
Dress,Train,0.635395105223725,0.6324617661568821,"[182, 204, 245]"
Dress,Train,0.5050742641837747,0.5095638867635807,"[231, 230, 225]"
Dress,Train,0.6845532620619686,0.6708701134930644,"[255, 45, 232]"
Dress,Train,0.6004145189009656,0.5823376623376624,"[109, 108, 107]"
Dress,Train,0.5350660854785099,0.5436156763590392,"[254, 43, 220]"
Dress,Train,0.7696947102539743,0.18493150684931506,"[172, 160, 122]"
Dress,Train,0.573350089257136,0.567814476458187,"[197, 133, 190]"
Dress,Train,0.6612057132419835,0.49194068343004516,"[198, 96, 172]"
Dress,Train,0.7827139178314062,0.771397616468039,"[186, 182, 172]"
Dress,Train,0.42943943189956046,0.4390106801573918,"[96, 160, 82]"
Dress,Train,0.5156123693679332,0.28696126568466995,"[184, 180, 170]"
Dress,Train,0.900338877912817,0.8832923832923832,"[196, 183, 139]"
Dress,Train,0.41001791770984825,0.4299923488905891,"[234, 233, 229]"
Dress,Train,0.6381931754823137,0.6253041362530414,"[132, 132, 133]"
Dress,Train,0.6018662667246715,0.4414086217364906,"[125, 189, 206]"
Dress,Train,0.7705627514052049,0.7620900500277932,"[163, 169, 223]"
Dress,Train,0.5366619299056583,0.5142392188771359,"[191, 178, 167]"
Dress,Train,0.5414947723640052,0.5113636363636364,"[255, 45, 230]"
Dress,Train,0.6600845098028401,0.6461168935148118,"[255, 162, 199]"
Dress,Train,0.6047950176984181,0.6046632124352331,"[112, 111, 109]"
Dress,Train,0.6199881469565662,0.5320158102766799,"[93, 102, 106]"
Dress,Train,0.5066340323187546,0.4457002457002457,"[176, 198, 237]"
Dress,Train,0.5792608199201734,0.5924657534246576,"[255, 176, 255]"
Dress,Train,0.6066947237370883,0.131811105345096,"[118, 117, 115]"
Dress,Train,0.6344487491656061,0.6428918000970403,"[134, 134, 134]"
Dress,Train,0.668465890692995,0.6593820648078372,"[101, 111, 115]"
Dress,Train,0.5929417545934356,0.578125,"[138, 100, 134]"
Dress,Train,0.5777934380022739,0.5718997361477572,"[254, 44, 223]"
Dress,Train,0.7052365886843083,0.7067627494456763,"[160, 166, 218]"
Dress,Train,0.615358066567199,0.31072210065645517,"[190, 204, 216]"
Dress,Train,0.5154688786362146,0.518848526387937,"[255, 176, 255]"
Dress,Train,0.5661113306455742,0.21304347826086956,"[128, 92, 124]"
Dress,Train,0.7665808380147947,0.7297101449275363,"[101, 110, 114]"
Dress,Train,0.5611075417078604,0.22379826635145783,"[113, 255, 182]"
Dress,Train,0.47905181275906195,0.457002457002457,"[178, 199, 239]"
Dress,Train,0.5369276369105948,0.527927927927928,"[204, 98, 89]"
Dress,Train,0.4009996374789281,0.3064295485636115,"[255, 171, 255]"
Dress,Train,0.5637883468417126,0.5237068965517241,"[255, 240, 186]"
Dress,Train,0.5784535432807688,0.5722727272727273,"[96, 201, 255]"
Dress,Train,0.47351097919144863,0.46321525885558584,"[95, 197, 255]"
Dress,Train,0.6512985266704904,0.6572064552031163,"[156, 162, 213]"
Dress,Train,0.535690492982293,0.1633423180592992,"[183, 255, 205]"
Dress,Train,0.648594047053632,0.660322952710496,"[255, 255, 255]"
Dress,Train,0.4557774100042919,0.4613981762917933,"[121, 182, 199]"
Dress,Train,0.5556869451675966,0.5560391730141458,"[68, 48, 59]"
Dress,Train,0.7426588915987057,0.7316561844863732,"[123, 112, 124]"
Dress,Train,0.7133686488301,0.6670754138565297,"[255, 46, 234]"
Dress,Train,0.7989132438051961,0.7767393561786086,"[99, 153, 171]"
Dress,Train,0.6121551020084024,0.5918367346938775,"[155, 127, 167]"
Dress,Train,0.5760230003893321,0.5740740740740741,"[70, 49, 60]"
Dress,Train,0.6647984772791223,0.4281705948372615,"[96, 159, 81]"
Dress,Train,0.5679226804385502,0.12863534675615212,"[204, 220, 232]"
Dress,Train,0.549220232767011,0.5471264367816092,"[234, 233, 229]"
Dress,Train,0.5866780665059661,0.5829297820823245,"[128, 193, 211]"
Dress,Train,0.6036167953520475,0.5818893236444941,"[107, 124, 147]"
Dress,Train,0.5573669435962649,0.22153465346534654,"[192, 201, 116]"
Dress,Train,0.709064354688887,0.11206896551724138,"[176, 249, 197]"
Dress,Train,0.5435228013352115,0.526284348864994,"[217, 253, 199]"
Dress,Train,0.7024311534466529,0.7273295809881176,"[156, 154, 154]"
Dress,Train,0.668567590359079,0.6569400630914827,"[111, 255, 178]"
Dress,Train,0.6124440244841781,0.20575221238938052,"[249, 227, 191]"
Dress,Train,0.6094195763895554,0.6182864450127877,"[196, 95, 170]"
Dress,Train,0.5495840282696416,0.3245952197378566,"[216, 253, 220]"
Dress,Train,0.4819915840673924,0.47423245614035087,"[175, 172, 162]"
Dress,Train,0.6197773391393587,0.6343612334801763,"[147, 145, 145]"
Dress,Train,0.46744706694717847,0.4605834885164494,"[187, 174, 132]"
Dress,Train,0.512905743501703,0.11414253897550111,"[140, 145, 190]"
Dress,Train,0.6272113837818126,0.6098144823459006,"[226, 253, 86]"
Dress,Train,0.7284208862850947,0.2513721185510428,"[180, 177, 167]"
Dress,Train,0.6401792802486713,0.6288105200239091,"[217, 253, 198]"
Dress,Train,0.6164779267002998,0.6159062885326757,"[214, 251, 196]"
Dress,Train,0.6223125682114431,0.5894495412844036,"[237, 236, 231]"
Dress,Train,0.4102421602366926,0.3740085417937767,"[213, 240, 81]"
Dress,Train,0.6252843639513913,0.5771324863883848,"[132, 199, 218]"
Dress,Train,0.6646801155038164,0.18705547652916074,"[152, 145, 134]"
Dress,Train,0.6119057220554065,0.6122448979591837,"[154, 126, 165]"
Dress,Train,0.4703687439015261,0.42007242628039315,"[104, 103, 101]"
Dress,Train,0.7498983714363379,0.7408017572762219,"[202, 217, 230]"
Dress,Train,0.7730561778119708,0.1951219512195122,"[228, 255, 231]"
Dress,Train,0.5622251940134101,0.5598885793871866,"[195, 132, 188]"
Dress,Train,0.5198081377809631,0.3687727825030377,"[129, 195, 213]"
Dress,Train,0.6982477524330213,0.6983002832861189,"[148, 142, 132]"
Dress,Train,0.49393787895650315,0.35406162464985996,"[101, 117, 139]"
Dress,Train,0.6570762140629044,0.6422578184591915,"[234, 255, 238]"
Dress,Train,0.4906381874841882,0.4629268292682927,"[129, 129, 129]"
Dress,Train,0.6223721477624581,0.6116920152091255,"[124, 117, 92]"
Dress,Train,0.6245839657539773,0.3038243626062323,"[116, 106, 117]"
Dress,Train,0.4065942131485395,0.38923267326732675,"[148, 121, 158]"
Dress,Train,0.5777784428632671,0.5473684210526316,"[240, 219, 183]"
Dress,Train,0.6705623749481037,0.6561743341404358,"[255, 169, 207]"
Dress,Train,0.6067535785025158,0.47692307692307695,"[213, 103, 93]"
Dress,Train,0.47109022647004717,0.48054755043227665,"[254, 231, 180]"
Dress,Train,0.5179333812086729,0.5139935414424112,"[187, 255, 209]"
Dress,Train,0.5373786657487728,0.5355776587605203,"[237, 236, 231]"
Dress,Train,0.5463247219136397,0.339938080495356,"[174, 182, 105]"
Dress,Train,0.6564494273251725,0.6394849785407726,"[70, 49, 60]"
Dress,Train,0.6294509104116086,0.6073765615704938,"[216, 253, 198]"
Dress,Train,0.683742340366035,0.666364870982345,"[214, 104, 93]"
Dress,Train,0.6133079489631876,0.5877494838265658,"[158, 144, 139]"
Dress,Train,0.8342730194765028,0.25806451612903225,"[95, 147, 165]"
Dress,Train,0.6422602303775952,0.47107438016528924,"[91, 141, 158]"
Dress,Train,0.7014764620615109,0.6606772633033863,"[200, 136, 194]"
Dress,Train,0.5366573377856473,0.5368829728230726,"[238, 217, 182]"
Dress,Train,0.9037334607369067,0.8766355140186916,"[255, 47, 240]"
Dress,Train,0.519458597303093,0.49752339020363234,"[195, 210, 223]"
Dress,Train,0.4852092868267527,0.48904109589041095,"[255, 172, 255]"
Dress,Train,0.570802364793095,0.07204742362061103,"[120, 108, 78]"
Dress,Train,0.7217601092566682,0.7058414464534075,"[200, 135, 193]"
Dress,Train,0.5867283289620848,0.5688073394495413,"[147, 140, 130]"
Dress,Train,0.6735922573059614,0.37715179968701096,"[110, 255, 177]"
Dress,Train,0.5480451084856308,0.5403992395437263,"[124, 117, 92]"
Dress,Train,0.5432629069882186,0.5441972339146122,"[235, 255, 89]"
Dress,Train,0.6776212511118604,0.47631862217438103,"[197, 255, 220]"
Dress,Train,0.7347546075145172,0.7304550758459744,"[254, 252, 253]"
Dress,Train,0.5019342421782483,0.5015441630636195,"[147, 120, 157]"
Dress,Train,0.6275111528562193,0.6413793103448275,"[240, 239, 235]"
Dress,Train,0.6767946262900086,0.6815974096060442,"[190, 255, 212]"
Dress,Train,0.6335572862730755,0.6394072447859495,"[179, 176, 165]"
Dress,Train,0.623284506585107,0.386094674556213,"[173, 194, 233]"
Dress,Train,0.616504111846585,0.628463476070529,"[150, 148, 148]"
Dress,Train,0.7540357989679738,0.42928930366116297,"[254, 231, 179]"
Dress,Train,0.6824186857065685,0.6647843942505134,"[111, 110, 109]"
Dress,Train,0.6775795317882101,0.6507537688442211,"[255, 45, 227]"
Dress,Train,0.604764578649885,0.6387856257744734,"[180, 189, 109]"
Dress,Train,0.5756806509232151,0.4747191011235955,"[112, 131, 155]"
Dress,Train,0.6465116896443128,0.3082919914953933,"[110, 100, 111]"
Dress,Train,0.5802103815795571,0.5627843494085533,"[209, 101, 91]"
Dress,Train,0.6106486764565093,0.2878128400435256,"[168, 165, 155]"
Dress,Train,0.6185167347087337,0.3132102272727273,"[117, 107, 118]"
Dress,Train,0.7861793828935071,0.19746646795827125,"[109, 119, 123]"
Dress,Train,0.6869845828824517,0.691496837666901,"[205, 139, 198]"
Dress,Train,0.6207441294348401,0.6034575904916262,"[191, 255, 213]"
Dress,Train,0.6104391548322402,0.5918121613485852,"[228, 254, 87]"
Dress,Train,0.7121595211948157,0.6766091051805337,"[110, 255, 176]"
Dress,Train,0.5537295827939236,0.5349172066234701,"[254, 231, 180]"
Dress,Train,0.5187533463239438,0.5053400786958966,"[109, 127, 150]"
Dress,Train,0.5123059054429,0.4982282069454288,"[118, 108, 120]"
Dress,Train,0.6689125333972875,0.39858490566037735,"[120, 255, 192]"
Dress,Train,0.7481413900785113,0.7106152805949966,"[237, 255, 241]"
Dress,Train,0.6165041626919254,0.5930817610062893,"[214, 209, 111]"
Dress,Train,0.6515042235070162,0.40461346633416456,"[183, 171, 130]"
Dress,Train,0.44807847775971,0.4015748031496063,"[145, 139, 129]"
Dress,Train,0.4916070054287011,0.2872281093139989,"[141, 145, 191]"
Dress,Train,0.7046659628377565,0.7006993006993008,"[205, 139, 198]"
Dress,Train,0.7197348493729745,0.13859111791730475,"[240, 239, 235]"
Dress,Train,0.6634761228312143,0.5555555555555556,"[195, 183, 171]"
Dress,Train,0.5277266001526805,0.5242236024844721,"[191, 178, 136]"
Dress,Train,0.6319327879698139,0.6393258426966292,"[111, 130, 154]"
Dress,Train,0.44276057476832464,0.4140625,"[171, 192, 230]"
Dress,Train,0.7383732872819935,0.7366787377133989,"[116, 116, 114]"
Dress,Train,0.46535344120064875,0.1409117821195974,"[221, 217, 218]"
Dress,Train,0.7114483411721095,0.6752460257380772,"[246, 246, 241]"
Dress,Train,0.7731384797956017,0.7341337907375644,"[141, 102, 137]"
Dress,Train,0.4514480050537656,0.4407087687414811,"[97, 201, 255]"
Dress,Train,0.748378825524797,0.5508620689655173,"[144, 104, 139]"
Dress,Train,0.6483538969093467,0.40439381611065905,"[186, 174, 163]"
Dress,Train,0.565306767752109,0.5616883116883117,"[186, 255, 207]"
Dress,Train,0.45625827758696436,0.44671623296158613,"[152, 125, 164]"
Dress,Train,0.4999790148441324,0.4964807796426638,"[189, 255, 212]"
Dress,Train,0.5692847800574664,0.5674224343675418,"[208, 246, 191]"
Dress,Train,0.7060799621657918,0.6923809523809524,"[126, 120, 94]"
Dress,Train,0.4090940618036423,0.40388964269561284,"[206, 100, 90]"
Dress,Train,0.5602150376619183,0.5410235580828595,"[187, 175, 164]"
Dress,Train,0.6085837013649757,0.5872756933115824,"[187, 175, 164]"
Dress,Train,0.744231524307954,0.7690548780487805,"[244, 244, 239]"
Dress,Train,0.5894654499418478,0.5567415730337079,"[108, 126, 149]"
Dress,Train,0.6535858804133712,0.5979202772963604,"[140, 101, 135]"
Dress,Train,0.7050318231915871,0.5693581780538303,"[93, 144, 161]"
Dress,Train,0.6725600384696918,0.6443604964921749,"[193, 255, 216]"
Dress,Train,0.4433251039428093,0.3786206896551724,"[143, 130, 125]"
Dress,Train,0.6037083034389973,0.6208530805687204,"[226, 255, 230]"
Dress,Train,0.6751169167574187,0.37793952967525196,"[98, 162, 83]"
Dress,Train,0.6418496115696323,0.609375,"[141, 101, 136]"
Dress,Train,0.7259682299619736,0.1073345259391771,"[208, 244, 190]"
Dress,Train,0.6223853464048983,0.5851216022889842,"[254, 230, 179]"
Dress,Train,0.6280075961578456,0.6471861471861472,"[255, 235, 182]"
Dress,Train,0.39332438747750187,0.3852504127682994,"[196, 211, 223]"
Dress,Train,0.4895076557660263,0.49226006191950467,"[179, 188, 108]"
Dress,Train,0.4898810609462536,0.18676774638180565,"[144, 131, 126]"
Dress,Train,0.5074865410103478,0.498812351543943,"[124, 118, 93]"
Dress,Train,0.6229350086635971,0.6346504559270517,"[128, 194, 211]"
Dress,Val,0.6286081185323916,0.6162921348314607,"[111, 130, 153]"
Dress,Val,0.6216696516095895,0.6210423770092548,"[131, 131, 132]"
Dress,Val,0.5825957477420376,0.5583905789990187,"[128, 128, 129]"
Dress,Val,0.6777759874214168,0.6747703943814155,"[194, 255, 217]"
Dress,Val,0.5839203899895812,0.5774134790528234,"[130, 197, 215]"
Dress,Val,0.6454478483740101,0.49820531227566406,"[255, 238, 185]"
Dress,Val,0.8272131437626091,0.7196796338672768,"[255, 255, 255]"
Dress,Val,0.5185595058595295,0.5302123026673925,"[69, 48, 59]"
Dress,Val,0.5494351279746428,0.5560599182932365,"[93, 193, 254]"
Dress,Val,0.6804621397268801,0.6973886328725039,"[234, 255, 238]"
Dress,Eval,0.6286370787811368,0.6156004489337823,"[111, 130, 153]"
Dress,Eval,0.6217910542987908,0.6222547584187409,"[131, 131, 132]"
Dress,Eval,0.5827803825836904,0.557843137254902,"[128, 128, 129]"
Dress,Eval,0.6778841443455047,0.6747703943814155,"[194, 255, 217]"
Dress,Eval,0.5840117153309714,0.5774134790528234,"[130, 197, 215]"
Dress,Eval,0.6455095447639894,0.4985632183908046,"[255, 238, 185]"
Dress,Eval,0.8274882912583217,0.7192681532304174,"[255, 255, 255]"
Dress,Eval,0.5186373841010533,0.529923830250272,"[69, 48, 59]"
Dress,Eval,0.5495520158340869,0.5565651976374375,"[93, 193, 254]"
Dress,Eval,0.6803245067355798,0.6981566820276498,"[234, 255, 238]"
Dress,Eval,0.6388438272024318,0.6163522012578616,"[116, 255, 186]"
Dress,Eval,0.5414007732144158,0.5051144666341939,"[131, 131, 132]"
Dress,Eval,0.8834597218250893,0.817258883248731,"[127, 121, 95]"
Dress,Eval,0.6739207088805552,0.40547063555913115,"[255, 165, 203]"
Dress,Eval,0.7076030468037865,0.7120387174833636,"[131, 198, 216]"
Dress,Eval,0.457029187216915,0.4535367545076283,"[175, 118, 168]"
Dress,Eval,0.8156076390390701,0.7537826685006878,"[123, 112, 124]"
Dress,Eval,0.5991020301047141,0.5864406779661017,"[233, 255, 237]"
Dress,Eval,0.4022603271728294,0.0757014293276866,"[44, 31, 38]"
Dress,Eval,0.6355314663032201,0.6327739387956565,"[182, 204, 245]"
Dress,Eval,0.5049723522251909,0.5095638867635807,"[231, 230, 225]"
Dress,Eval,0.6848118537800658,0.6708701134930644,"[255, 45, 232]"
Dress,Eval,0.6003649421154967,0.5826403326403327,"[109, 108, 107]"
Dress,Eval,0.5352917756211971,0.5439595192915876,"[254, 43, 220]"
Dress,Eval,0.7697733591654098,0.18493150684931506,"[172, 160, 122]"
Dress,Eval,0.5732947309347671,0.567814476458187,"[197, 133, 191]"
Dress,Eval,0.6615194002485781,0.49162371134020616,"[198, 96, 171]"
Dress,Eval,0.7824312794321656,0.771397616468039,"[186, 182, 172]"
Dress,Eval,0.4295687672377882,0.4390106801573918,"[96, 160, 82]"
Dress,Eval,0.5155912101656149,0.28696126568466995,"[184, 180, 170]"
